CREATE DATABASE  IF NOT EXISTS `kpadb_l4d` /*!40100 DEFAULT CHARACTER SET utf8 */;
USE `kpadb_l4d`;
-- MySQL dump 10.13  Distrib 5.7.17, for Win64 (x86_64)
--
-- Host: 127.0.0.1    Database: kpadb_l4d
-- ------------------------------------------------------
-- Server version	5.7.21-log

/*!40101 SET @OLD_CHARACTER_SET_CLIENT=@@CHARACTER_SET_CLIENT */;
/*!40101 SET @OLD_CHARACTER_SET_RESULTS=@@CHARACTER_SET_RESULTS */;
/*!40101 SET @OLD_COLLATION_CONNECTION=@@COLLATION_CONNECTION */;
/*!40101 SET NAMES utf8 */;
/*!40103 SET @OLD_TIME_ZONE=@@TIME_ZONE */;
/*!40103 SET TIME_ZONE='+00:00' */;
/*!40014 SET @OLD_UNIQUE_CHECKS=@@UNIQUE_CHECKS, UNIQUE_CHECKS=0 */;
/*!40014 SET @OLD_FOREIGN_KEY_CHECKS=@@FOREIGN_KEY_CHECKS, FOREIGN_KEY_CHECKS=0 */;
/*!40101 SET @OLD_SQL_MODE=@@SQL_MODE, SQL_MODE='NO_AUTO_VALUE_ON_ZERO' */;
/*!40111 SET @OLD_SQL_NOTES=@@SQL_NOTES, SQL_NOTES=0 */;

--
-- Table structure for table `migrations`
--

DROP TABLE IF EXISTS `migrations`;
/*!40101 SET @saved_cs_client     = @@character_set_client */;
/*!40101 SET character_set_client = utf8 */;
CREATE TABLE `migrations` (
  `id` int(10) unsigned NOT NULL AUTO_INCREMENT,
  `migration` varchar(255) COLLATE utf8mb4_unicode_ci NOT NULL,
  `batch` int(11) NOT NULL,
  PRIMARY KEY (`id`)
) ENGINE=InnoDB AUTO_INCREMENT=3 DEFAULT CHARSET=utf8mb4 COLLATE=utf8mb4_unicode_ci;
/*!40101 SET character_set_client = @saved_cs_client */;

--
-- Dumping data for table `migrations`
--

LOCK TABLES `migrations` WRITE;
/*!40000 ALTER TABLE `migrations` DISABLE KEYS */;
INSERT INTO `migrations` VALUES (1,'2014_10_12_000000_create_users_table',1),(2,'2014_10_12_100000_create_password_resets_table',1);
/*!40000 ALTER TABLE `migrations` ENABLE KEYS */;
UNLOCK TABLES;

--
-- Table structure for table `password_resets`
--

DROP TABLE IF EXISTS `password_resets`;
/*!40101 SET @saved_cs_client     = @@character_set_client */;
/*!40101 SET character_set_client = utf8 */;
CREATE TABLE `password_resets` (
  `email` varchar(255) COLLATE utf8mb4_unicode_ci NOT NULL,
  `token` varchar(255) COLLATE utf8mb4_unicode_ci NOT NULL,
  `created_at` timestamp NULL DEFAULT NULL,
  KEY `password_resets_email_index` (`email`)
) ENGINE=InnoDB DEFAULT CHARSET=utf8mb4 COLLATE=utf8mb4_unicode_ci;
/*!40101 SET character_set_client = @saved_cs_client */;

--
-- Dumping data for table `password_resets`
--

LOCK TABLES `password_resets` WRITE;
/*!40000 ALTER TABLE `password_resets` DISABLE KEYS */;
/*!40000 ALTER TABLE `password_resets` ENABLE KEYS */;
UNLOCK TABLES;

--
-- Table structure for table `tbl_company`
--

DROP TABLE IF EXISTS `tbl_company`;
/*!40101 SET @saved_cs_client     = @@character_set_client */;
/*!40101 SET character_set_client = utf8 */;
CREATE TABLE `tbl_company` (
  `Id` int(11) NOT NULL AUTO_INCREMENT,
  `access_token` varchar(100) DEFAULT NULL,
  `business_name` varchar(100) DEFAULT NULL,
  `business_type` varchar(1000) DEFAULT NULL,
  `business_mobile` varchar(15) DEFAULT NULL,
  `business_email` varchar(100) DEFAULT NULL,
  `business_domain` varchar(100) DEFAULT NULL,
  `business_webhook` varchar(100) DEFAULT NULL,
  `type` tinyint(4) DEFAULT NULL,
  `status` tinyint(4) DEFAULT NULL,
  `updated_at` datetime DEFAULT NULL,
  `created_at` datetime DEFAULT NULL,
  PRIMARY KEY (`Id`)
) ENGINE=InnoDB AUTO_INCREMENT=3 DEFAULT CHARSET=utf8;
/*!40101 SET character_set_client = @saved_cs_client */;

--
-- Dumping data for table `tbl_company`
--

LOCK TABLES `tbl_company` WRITE;
/*!40000 ALTER TABLE `tbl_company` DISABLE KEYS */;
INSERT INTO `tbl_company` VALUES (1,'43834cfa-04bb-4814-9ad0-f18a800ef9ff','Loading','Trading',NULL,NULL,NULL,NULL,1,1,'2018-02-03 16:51:58','2018-02-03 16:51:58'),(2,'af59f2fa-bb7f-4f92-a2e8-17ceea97bd16','LoadStop','Trading',NULL,NULL,NULL,NULL,1,1,'2018-02-03 16:51:58','2018-02-03 16:51:58');
/*!40000 ALTER TABLE `tbl_company` ENABLE KEYS */;
UNLOCK TABLES;

--
-- Table structure for table `tbl_dealers_type`
--

DROP TABLE IF EXISTS `tbl_dealers_type`;
/*!40101 SET @saved_cs_client     = @@character_set_client */;
/*!40101 SET character_set_client = utf8 */;
CREATE TABLE `tbl_dealers_type` (
  `Id` int(11) NOT NULL AUTO_INCREMENT,
  `company_id` int(11) DEFAULT NULL,
  `code` varchar(50) DEFAULT NULL,
  `description` varchar(200) DEFAULT NULL,
  `ontop_percentage` decimal(18,4) DEFAULT '0.0000',
  `discount_percentage` decimal(18,4) DEFAULT '0.0000',
  `reseller_credits` smallint(6) DEFAULT NULL,
  `price` decimal(18,4) DEFAULT NULL,
  `level` tinyint(4) DEFAULT NULL,
  `updated_at` datetime DEFAULT NULL,
  `created_at` datetime DEFAULT NULL,
  PRIMARY KEY (`Id`)
) ENGINE=InnoDB AUTO_INCREMENT=13 DEFAULT CHARSET=utf8;
/*!40101 SET character_set_client = @saved_cs_client */;

--
-- Dumping data for table `tbl_dealers_type`
--

LOCK TABLES `tbl_dealers_type` WRITE;
/*!40000 ALTER TABLE `tbl_dealers_type` DISABLE KEYS */;
INSERT INTO `tbl_dealers_type` VALUES (1,1,'PSMA','Master',0.0000,0.0000,0,0.0000,6,NULL,NULL),(2,1,'PSMO','Mother',0.0000,0.0000,0,0.0000,5,NULL,NULL),(3,1,'PSCS','City Branch',0.0400,0.0000,600,200000.0000,4,NULL,NULL),(4,1,'PSMS','Barangay Branch',0.0300,0.0000,400,90000.0000,3,NULL,NULL),(5,1,'PSDS','Dealer',0.0250,0.0000,200,999.0000,2,NULL,NULL),(6,1,'PSRS','Reseller',0.0150,0.0000,50,499.0000,1,NULL,NULL),(7,2,'LSMA','Master',0.0000,0.0000,0,0.0000,6,NULL,NULL),(8,2,'LSMO','Mother',0.0000,0.0000,0,0.0000,5,NULL,NULL),(9,2,'LSCS','City Branch',0.0500,0.0000,2000,200000.0000,4,NULL,NULL),(10,2,'LSMS','Barangay Branch',0.0400,0.0000,1500,90000.0000,3,NULL,NULL),(11,2,'LSDS','Dealer',0.0200,0.0000,200,1099.0000,2,NULL,NULL),(12,2,'LSRS','Reseller',0.0100,0.0000,100,599.0000,1,NULL,NULL);
/*!40000 ALTER TABLE `tbl_dealers_type` ENABLE KEYS */;
UNLOCK TABLES;

--
-- Table structure for table `tbl_load_product_codes`
--

DROP TABLE IF EXISTS `tbl_load_product_codes`;
/*!40101 SET @saved_cs_client     = @@character_set_client */;
/*!40101 SET character_set_client = utf8 */;
CREATE TABLE `tbl_load_product_codes` (
  `Id` int(11) NOT NULL AUTO_INCREMENT,
  `network` int(11) DEFAULT NULL,
  `load_type` text,
  `description` longtext,
  `days` tinyint(4) DEFAULT NULL,
  `amount` decimal(18,2) DEFAULT NULL,
  `keyword` varchar(15) DEFAULT NULL,
  `custom_cmd` varchar(15) DEFAULT NULL,
  `gateway` varchar(15) DEFAULT NULL,
  PRIMARY KEY (`Id`)
) ENGINE=InnoDB AUTO_INCREMENT=229 DEFAULT CHARSET=latin1;
/*!40101 SET character_set_client = @saved_cs_client */;

--
-- Dumping data for table `tbl_load_product_codes`
--

LOCK TABLES `tbl_load_product_codes` WRITE;
/*!40000 ALTER TABLE `tbl_load_product_codes` DISABLE KEYS */;
INSERT INTO `tbl_load_product_codes` VALUES (37,2,'REGULAR LOAD','Regular Load',1,10.00,'10','10','2882'),(38,2,'REGULAR LOAD','Regular Load',1,15.00,'15','15','2882'),(39,2,'REGULAR LOAD','Regular Load',1,20.00,'20','20','2882'),(40,2,'REGULAR LOAD','Regular Load',1,25.00,'25','25','2882'),(41,2,'REGULAR LOAD','Regular Load',1,30.00,'30','30','2882'),(42,2,'REGULAR LOAD','Regular Load',1,50.00,'50','50','2882'),(43,2,'REGULAR LOAD','Regular Load',1,60.00,'60','60','2882'),(44,2,'REGULAR LOAD','Regular Load',1,80.00,'80','80','2882'),(45,2,'REGULAR LOAD','Regular Load',1,90.00,'90','90','2882'),(46,2,'REGULAR LOAD','Regular Load',1,100.00,'100','100','2882'),(47,2,'REGULAR LOAD','Regular Load',1,150.00,'150','150','2882'),(48,2,'REGULAR LOAD','Regular Load',1,300.00,'300','300','2882'),(49,3,'REGULAR LOAD','Regular Load',1,10.00,'WSOTH10','10','247'),(50,3,'REGULAR LOAD','Regular Load',1,15.00,'WSOTH15','15','247'),(51,3,'REGULAR LOAD','Regular Load',1,20.00,'WSOTH20','20','247'),(52,3,'REGULAR LOAD','Regular Load',1,25.00,'WSOTH25','25','247'),(53,3,'REGULAR LOAD','Regular Load',1,30.00,'WSOTH30','30','247'),(54,3,'REGULAR LOAD','Regular Load',1,50.00,'WSOTH50','50','247'),(55,3,'REGULAR LOAD','Regular Load',1,75.00,'WSOTH75','75','247'),(56,3,'REGULAR LOAD','Regular Load',1,100.00,'WSOTH100','100','247'),(57,3,'REGULAR LOAD','Regular Load',1,150.00,'WSOTH150','150','247'),(58,3,'REGULAR LOAD','Regular Load',1,300.00,'WSOTH300','300','247'),(59,3,'REGULAR LOAD','Regular Load',1,500.00,'WSOTH500','500','247'),(89,1,'REGULAR LOAD','Regular Load',1,30.00,'W30','30','343'),(90,1,'REGULAR LOAD','Regular Load',1,60.00,'W60','60','343'),(91,1,'REGULAR LOAD','Regular Load',1,20.00,'WP20','20','343'),(92,1,'REGULAR LOAD','Regular Load',1,115.00,'W115','115','343'),(93,1,'REGULAR LOAD','Regular Load',1,300.00,'W300','300','343'),(94,1,'REGULAR LOAD','Regular Load',1,500.00,'W500','500','343'),(95,1,'REGULAR LOAD','Regular Load',1,1000.00,'W1000','1000','343'),(96,1,'Flexi Max 10','Flexi Max 10',1,10.00,'WTOT10','FM10','343'),(99,1,'REGULAR LOAD','Regular Load',1,200.00,'W200','200','343'),(105,1,'All Text 10','Unlimited all-net SMS, Unli FB and Viber data valid for 1 day',1,10.00,'W10','AT10','343'),(106,1,'All Out Surf 20','150 MB data,20 minutes tri-net calls,Unli all-net text,Free Facebook',1,20.00,'W20','AS20','343'),(120,1,'REGULAR LOAD','Regular Load',1,100.00,'W100','100','343'),(121,1,'REGULAR LOAD','Regular Load',1,5.00,'W5','5','343'),(149,1,'REGULAR LOAD','Regular Load',1,50.00,'W50','50','343'),(159,2,'REGULAR LOAD','Regular Load',1,500.00,'500','500','2882'),(190,3,'Calls & Text Unlimited','Unlimited Sun Calls and Texts, Unlimited Texts to ALL networks, Unli chat valid for 1 day',1,25.00,'WRTSCTU25','CTU25','247'),(191,3,'Calls & Text Unlimited','Unlimited calls and texts to Sun, Smart, TNT Unlimited Texts to ALL networks, Unli chat valid for 1 day',1,30.00,'WRTSCTU30','CTU30','247'),(192,3,'Calls & Text Unlimited','Unlimited calls to Sun, Smart, TNT, Unlimited texts to ALL networks, 50MB mobile internet valid for 3 days',1,50.00,'WRTSCTU50','CTU50','247'),(193,3,'Calls & Text Unlimited','Unlimited calls to Sun, Smart, TNT, Unlimited texts to ALL networks, Unlimited Facebook valid for 5 days',1,100.00,'WRTSCTU100','CTU100','247'),(194,3,'Calls & Text Unlimited','Unlimited calls to Sun, Smart, TNT, Unlimited texts to ALL networks, Unlimited Facebook valid for 5 days',1,150.00,'WRTSCTU150','CTU150','247'),(195,3,'Calls & Text Unlimited','Unlimited calls to Sun, Smart, TNT, Unlimited texts to ALL networks, Unlimited Facebook valid for 30 days',1,450.00,'WRTSCTU450','CTU450','247'),(224,1,'UCT','Unli On-net calls,Unli Trinet SMS, 50 All-Net SMS, Free Viber + FB for 1day',1,25.00,'WUCT25','UCT25','343'),(226,1,'UCT','100MB Data with Unli Trinet calls,Unli All Net SMS for 1 Day',1,30.00,'UCT30','UCT30','343'),(227,1,'UCT','150MB open access, Unli All-Net SMS, unli Trinet Calls, 5 PLDT num unli calls valid for 7days',1,100.00,'WUCT100','UCT100','343'),(228,1,'UCT','Unli All-net SMS,Unli Tri-net calls,500 MB Data ',1,300.00,'WUCT350','UCT300','343');
/*!40000 ALTER TABLE `tbl_load_product_codes` ENABLE KEYS */;
UNLOCK TABLES;

--
-- Table structure for table `tbl_load_request_logs`
--

DROP TABLE IF EXISTS `tbl_load_request_logs`;
/*!40101 SET @saved_cs_client     = @@character_set_client */;
/*!40101 SET character_set_client = utf8 */;
CREATE TABLE `tbl_load_request_logs` (
  `Id` int(11) NOT NULL AUTO_INCREMENT,
  `dealer_id` int(11) DEFAULT NULL,
  `reference` varchar(60) DEFAULT NULL,
  `description` text,
  `amount` decimal(18,2) DEFAULT NULL,
  `type` tinyint(4) DEFAULT '0',
  `status` tinyint(4) DEFAULT '0',
  `updated_at` datetime DEFAULT NULL,
  `created_at` datetime DEFAULT NULL,
  PRIMARY KEY (`Id`)
) ENGINE=InnoDB AUTO_INCREMENT=12 DEFAULT CHARSET=utf8;
/*!40101 SET character_set_client = @saved_cs_client */;

--
-- Dumping data for table `tbl_load_request_logs`
--

LOCK TABLES `tbl_load_request_logs` WRITE;
/*!40000 ALTER TABLE `tbl_load_request_logs` DISABLE KEYS */;
INSERT INTO `tbl_load_request_logs` VALUES (11,1,'1803089947188699','DEBIT',5.00,0,1,'2018-03-08 20:24:41','2018-03-08 20:24:37');
/*!40000 ALTER TABLE `tbl_load_request_logs` ENABLE KEYS */;
UNLOCK TABLES;

--
-- Table structure for table `tbl_loading_transactions`
--

DROP TABLE IF EXISTS `tbl_loading_transactions`;
/*!40101 SET @saved_cs_client     = @@character_set_client */;
/*!40101 SET character_set_client = utf8 */;
CREATE TABLE `tbl_loading_transactions` (
  `Id` int(11) NOT NULL AUTO_INCREMENT,
  `reference` varchar(60) DEFAULT NULL,
  `network_provider` tinyint(4) DEFAULT NULL,
  `transaction_number` varchar(60) DEFAULT NULL,
  `target_mobile_number` varchar(15) DEFAULT NULL,
  `product_code` varchar(20) DEFAULT NULL,
  `amount` decimal(18,2) DEFAULT NULL,
  `status` tinyint(4) DEFAULT NULL,
  `updated_at` datetime DEFAULT NULL,
  `created_at` datetime DEFAULT NULL,
  PRIMARY KEY (`Id`)
) ENGINE=InnoDB AUTO_INCREMENT=2 DEFAULT CHARSET=utf8;
/*!40101 SET character_set_client = @saved_cs_client */;

--
-- Dumping data for table `tbl_loading_transactions`
--

LOCK TABLES `tbl_loading_transactions` WRITE;
/*!40000 ALTER TABLE `tbl_loading_transactions` DISABLE KEYS */;
INSERT INTO `tbl_loading_transactions` VALUES (1,'1803089947188699',1,'700484874875','09995233848','MYLOAD5',5.00,1,'2018-03-08 20:24:41','2018-03-08 20:24:41');
/*!40000 ALTER TABLE `tbl_loading_transactions` ENABLE KEYS */;
UNLOCK TABLES;

--
-- Table structure for table `tbl_product_codes`
--

DROP TABLE IF EXISTS `tbl_product_codes`;
/*!40101 SET @saved_cs_client     = @@character_set_client */;
/*!40101 SET character_set_client = utf8 */;
CREATE TABLE `tbl_product_codes` (
  `Id` int(11) NOT NULL AUTO_INCREMENT,
  `network` tinyint(4) DEFAULT NULL,
  `description` longtext,
  `days` tinyint(4) DEFAULT NULL,
  `amount` decimal(18,2) DEFAULT NULL,
  `keyword` varchar(15) DEFAULT NULL,
  `custom_cmd` varchar(15) DEFAULT NULL,
  `gateway` varchar(15) DEFAULT NULL,
  `updated_at` datetime DEFAULT NULL,
  `created_at` datetime DEFAULT NULL,
  PRIMARY KEY (`Id`)
) ENGINE=InnoDB AUTO_INCREMENT=1002 DEFAULT CHARSET=latin1;
/*!40101 SET character_set_client = @saved_cs_client */;

--
-- Dumping data for table `tbl_product_codes`
--

LOCK TABLES `tbl_product_codes` WRITE;
/*!40000 ALTER TABLE `tbl_product_codes` DISABLE KEYS */;
INSERT INTO `tbl_product_codes` VALUES (1,1,'Airtime Regular load',NULL,5.00,'MYLOAD5','R5',NULL,'2018-03-08 10:39:04','2018-03-08 10:39:04'),(2,1,'Airtime Regular load',NULL,6.00,'MYLOAD6','R6',NULL,'2018-03-08 10:39:04','2018-03-08 10:39:04'),(3,1,'Airtime Regular load',NULL,7.00,'MYLOAD7','R7',NULL,'2018-03-08 10:39:04','2018-03-08 10:39:04'),(4,1,'Airtime Regular load',NULL,8.00,'MYLOAD8','R8',NULL,'2018-03-08 10:39:04','2018-03-08 10:39:04'),(5,1,'Airtime Regular load',NULL,9.00,'MYLOAD9','R9',NULL,'2018-03-08 10:39:04','2018-03-08 10:39:04'),(6,1,'Airtime Regular load',NULL,10.00,'MYLOAD10','R10',NULL,'2018-03-08 10:39:04','2018-03-08 10:39:04'),(7,1,'Airtime Regular load',NULL,11.00,'MYLOAD11','R11',NULL,'2018-03-08 10:39:05','2018-03-08 10:39:05'),(8,1,'Airtime Regular load',NULL,12.00,'MYLOAD12','R12',NULL,'2018-03-08 10:39:05','2018-03-08 10:39:05'),(9,1,'Airtime Regular load',NULL,13.00,'MYLOAD13','R13',NULL,'2018-03-08 10:39:05','2018-03-08 10:39:05'),(10,1,'Airtime Regular load',NULL,14.00,'MYLOAD14','R14',NULL,'2018-03-08 10:39:05','2018-03-08 10:39:05'),(11,1,'Airtime Regular load',NULL,15.00,'MYLOAD15','R15',NULL,'2018-03-08 10:39:05','2018-03-08 10:39:05'),(12,1,'Airtime Regular load',NULL,16.00,'MYLOAD16','R16',NULL,'2018-03-08 10:39:05','2018-03-08 10:39:05'),(13,1,'Airtime Regular load',NULL,17.00,'MYLOAD17','R17',NULL,'2018-03-08 10:39:05','2018-03-08 10:39:05'),(14,1,'Airtime Regular load',NULL,18.00,'MYLOAD18','R18',NULL,'2018-03-08 10:39:05','2018-03-08 10:39:05'),(15,1,'Airtime Regular load',NULL,19.00,'MYLOAD19','R19',NULL,'2018-03-08 10:39:05','2018-03-08 10:39:05'),(16,1,'Airtime Regular load',NULL,20.00,'MYLOAD20','R20',NULL,'2018-03-08 10:39:05','2018-03-08 10:39:05'),(17,1,'Airtime Regular load',NULL,21.00,'MYLOAD21','R21',NULL,'2018-03-08 10:39:05','2018-03-08 10:39:05'),(18,1,'Airtime Regular load',NULL,22.00,'MYLOAD22','R22',NULL,'2018-03-08 10:39:05','2018-03-08 10:39:05'),(19,1,'Airtime Regular load',NULL,23.00,'MYLOAD23','R23',NULL,'2018-03-08 10:39:05','2018-03-08 10:39:05'),(20,1,'Airtime Regular load',NULL,24.00,'MYLOAD24','R24',NULL,'2018-03-08 10:39:05','2018-03-08 10:39:05'),(21,1,'Airtime Regular load',NULL,25.00,'MYLOAD25','R25',NULL,'2018-03-08 10:39:05','2018-03-08 10:39:05'),(22,1,'Airtime Regular load',NULL,26.00,'MYLOAD26','R26',NULL,'2018-03-08 10:39:05','2018-03-08 10:39:05'),(23,1,'Airtime Regular load',NULL,27.00,'MYLOAD27','R27',NULL,'2018-03-08 10:39:05','2018-03-08 10:39:05'),(24,1,'Airtime Regular load',NULL,28.00,'MYLOAD28','R28',NULL,'2018-03-08 10:39:05','2018-03-08 10:39:05'),(25,1,'Airtime Regular load',NULL,29.00,'MYLOAD29','R29',NULL,'2018-03-08 10:39:05','2018-03-08 10:39:05'),(26,1,'Airtime Regular load',NULL,30.00,'MYLOAD30','R30',NULL,'2018-03-08 10:39:05','2018-03-08 10:39:05'),(27,1,'Airtime Regular load',NULL,31.00,'MYLOAD31','R31',NULL,'2018-03-08 10:39:05','2018-03-08 10:39:05'),(28,1,'Airtime Regular load',NULL,32.00,'MYLOAD32','R32',NULL,'2018-03-08 10:39:05','2018-03-08 10:39:05'),(29,1,'Airtime Regular load',NULL,33.00,'MYLOAD33','R33',NULL,'2018-03-08 10:39:05','2018-03-08 10:39:05'),(30,1,'Airtime Regular load',NULL,34.00,'MYLOAD34','R34',NULL,'2018-03-08 10:39:05','2018-03-08 10:39:05'),(31,1,'Airtime Regular load',NULL,35.00,'MYLOAD35','R35',NULL,'2018-03-08 10:39:05','2018-03-08 10:39:05'),(32,1,'Airtime Regular load',NULL,36.00,'MYLOAD36','R36',NULL,'2018-03-08 10:39:05','2018-03-08 10:39:05'),(33,1,'Airtime Regular load',NULL,37.00,'MYLOAD37','R37',NULL,'2018-03-08 10:39:05','2018-03-08 10:39:05'),(34,1,'Airtime Regular load',NULL,38.00,'MYLOAD38','R38',NULL,'2018-03-08 10:39:05','2018-03-08 10:39:05'),(35,1,'Airtime Regular load',NULL,39.00,'MYLOAD39','R39',NULL,'2018-03-08 10:39:05','2018-03-08 10:39:05'),(36,1,'Airtime Regular load',NULL,40.00,'MYLOAD40','R40',NULL,'2018-03-08 10:39:05','2018-03-08 10:39:05'),(37,1,'Airtime Regular load',NULL,41.00,'MYLOAD41','R41',NULL,'2018-03-08 10:39:05','2018-03-08 10:39:05'),(38,1,'Airtime Regular load',NULL,42.00,'MYLOAD42','R42',NULL,'2018-03-08 10:39:05','2018-03-08 10:39:05'),(39,1,'Airtime Regular load',NULL,43.00,'MYLOAD43','R43',NULL,'2018-03-08 10:39:05','2018-03-08 10:39:05'),(40,1,'Airtime Regular load',NULL,44.00,'MYLOAD44','R44',NULL,'2018-03-08 10:39:05','2018-03-08 10:39:05'),(41,1,'Airtime Regular load',NULL,45.00,'MYLOAD45','R45',NULL,'2018-03-08 10:39:05','2018-03-08 10:39:05'),(42,1,'Airtime Regular load',NULL,46.00,'MYLOAD46','R46',NULL,'2018-03-08 10:39:05','2018-03-08 10:39:05'),(43,1,'Airtime Regular load',NULL,47.00,'MYLOAD47','R47',NULL,'2018-03-08 10:39:05','2018-03-08 10:39:05'),(44,1,'Airtime Regular load',NULL,48.00,'MYLOAD48','R48',NULL,'2018-03-08 10:39:05','2018-03-08 10:39:05'),(45,1,'Airtime Regular load',NULL,49.00,'MYLOAD49','R49',NULL,'2018-03-08 10:39:05','2018-03-08 10:39:05'),(46,1,'Airtime Regular load',NULL,50.00,'MYLOAD50','R50',NULL,'2018-03-08 10:39:05','2018-03-08 10:39:05'),(47,1,'Airtime Regular load',NULL,51.00,'MYLOAD51','R51',NULL,'2018-03-08 10:39:05','2018-03-08 10:39:05'),(48,1,'Airtime Regular load',NULL,52.00,'MYLOAD52','R52',NULL,'2018-03-08 10:39:05','2018-03-08 10:39:05'),(49,1,'Airtime Regular load',NULL,53.00,'MYLOAD53','R53',NULL,'2018-03-08 10:39:05','2018-03-08 10:39:05'),(50,1,'Airtime Regular load',NULL,54.00,'MYLOAD54','R54',NULL,'2018-03-08 10:39:05','2018-03-08 10:39:05'),(51,1,'Airtime Regular load',NULL,55.00,'MYLOAD55','R55',NULL,'2018-03-08 10:39:05','2018-03-08 10:39:05'),(52,1,'Airtime Regular load',NULL,56.00,'MYLOAD56','R56',NULL,'2018-03-08 10:39:05','2018-03-08 10:39:05'),(53,1,'Airtime Regular load',NULL,57.00,'MYLOAD57','R57',NULL,'2018-03-08 10:39:05','2018-03-08 10:39:05'),(54,1,'Airtime Regular load',NULL,58.00,'MYLOAD58','R58',NULL,'2018-03-08 10:39:05','2018-03-08 10:39:05'),(55,1,'Airtime Regular load',NULL,59.00,'MYLOAD59','R59',NULL,'2018-03-08 10:39:05','2018-03-08 10:39:05'),(56,1,'Airtime Regular load',NULL,60.00,'MYLOAD60','R60',NULL,'2018-03-08 10:39:05','2018-03-08 10:39:05'),(57,1,'Airtime Regular load',NULL,61.00,'MYLOAD61','R61',NULL,'2018-03-08 10:39:05','2018-03-08 10:39:05'),(58,1,'Airtime Regular load',NULL,62.00,'MYLOAD62','R62',NULL,'2018-03-08 10:39:05','2018-03-08 10:39:05'),(59,1,'Airtime Regular load',NULL,63.00,'MYLOAD63','R63',NULL,'2018-03-08 10:39:05','2018-03-08 10:39:05'),(60,1,'Airtime Regular load',NULL,64.00,'MYLOAD64','R64',NULL,'2018-03-08 10:39:05','2018-03-08 10:39:05'),(61,1,'Airtime Regular load',NULL,65.00,'MYLOAD65','R65',NULL,'2018-03-08 10:39:05','2018-03-08 10:39:05'),(62,1,'Airtime Regular load',NULL,66.00,'MYLOAD66','R66',NULL,'2018-03-08 10:39:05','2018-03-08 10:39:05'),(63,1,'Airtime Regular load',NULL,67.00,'MYLOAD67','R67',NULL,'2018-03-08 10:39:05','2018-03-08 10:39:05'),(64,1,'Airtime Regular load',NULL,68.00,'MYLOAD68','R68',NULL,'2018-03-08 10:39:05','2018-03-08 10:39:05'),(65,1,'Airtime Regular load',NULL,69.00,'MYLOAD69','R69',NULL,'2018-03-08 10:39:05','2018-03-08 10:39:05'),(66,1,'Airtime Regular load',NULL,70.00,'MYLOAD70','R70',NULL,'2018-03-08 10:39:05','2018-03-08 10:39:05'),(67,1,'Airtime Regular load',NULL,71.00,'MYLOAD71','R71',NULL,'2018-03-08 10:39:05','2018-03-08 10:39:05'),(68,1,'Airtime Regular load',NULL,72.00,'MYLOAD72','R72',NULL,'2018-03-08 10:39:05','2018-03-08 10:39:05'),(69,1,'Airtime Regular load',NULL,73.00,'MYLOAD73','R73',NULL,'2018-03-08 10:39:05','2018-03-08 10:39:05'),(70,1,'Airtime Regular load',NULL,74.00,'MYLOAD74','R74',NULL,'2018-03-08 10:39:05','2018-03-08 10:39:05'),(71,1,'Airtime Regular load',NULL,75.00,'MYLOAD75','R75',NULL,'2018-03-08 10:39:05','2018-03-08 10:39:05'),(72,1,'Airtime Regular load',NULL,76.00,'MYLOAD76','R76',NULL,'2018-03-08 10:39:05','2018-03-08 10:39:05'),(73,1,'Airtime Regular load',NULL,77.00,'MYLOAD77','R77',NULL,'2018-03-08 10:39:05','2018-03-08 10:39:05'),(74,1,'Airtime Regular load',NULL,78.00,'MYLOAD78','R78',NULL,'2018-03-08 10:39:05','2018-03-08 10:39:05'),(75,1,'Airtime Regular load',NULL,79.00,'MYLOAD79','R79',NULL,'2018-03-08 10:39:05','2018-03-08 10:39:05'),(76,1,'Airtime Regular load',NULL,80.00,'MYLOAD80','R80',NULL,'2018-03-08 10:39:05','2018-03-08 10:39:05'),(77,1,'Airtime Regular load',NULL,81.00,'MYLOAD81','R81',NULL,'2018-03-08 10:39:05','2018-03-08 10:39:05'),(78,1,'Airtime Regular load',NULL,82.00,'MYLOAD82','R82',NULL,'2018-03-08 10:39:05','2018-03-08 10:39:05'),(79,1,'Airtime Regular load',NULL,83.00,'MYLOAD83','R83',NULL,'2018-03-08 10:39:05','2018-03-08 10:39:05'),(80,1,'Airtime Regular load',NULL,84.00,'MYLOAD84','R84',NULL,'2018-03-08 10:39:05','2018-03-08 10:39:05'),(81,1,'Airtime Regular load',NULL,85.00,'MYLOAD85','R85',NULL,'2018-03-08 10:39:05','2018-03-08 10:39:05'),(82,1,'Airtime Regular load',NULL,86.00,'MYLOAD86','R86',NULL,'2018-03-08 10:39:05','2018-03-08 10:39:05'),(83,1,'Airtime Regular load',NULL,87.00,'MYLOAD87','R87',NULL,'2018-03-08 10:39:05','2018-03-08 10:39:05'),(84,1,'Airtime Regular load',NULL,88.00,'MYLOAD88','R88',NULL,'2018-03-08 10:39:05','2018-03-08 10:39:05'),(85,1,'Airtime Regular load',NULL,89.00,'MYLOAD89','R89',NULL,'2018-03-08 10:39:05','2018-03-08 10:39:05'),(86,1,'Airtime Regular load',NULL,90.00,'MYLOAD90','R90',NULL,'2018-03-08 10:39:05','2018-03-08 10:39:05'),(87,1,'Airtime Regular load',NULL,91.00,'MYLOAD91','R91',NULL,'2018-03-08 10:39:05','2018-03-08 10:39:05'),(88,1,'Airtime Regular load',NULL,92.00,'MYLOAD92','R92',NULL,'2018-03-08 10:39:05','2018-03-08 10:39:05'),(89,1,'Airtime Regular load',NULL,93.00,'MYLOAD93','R93',NULL,'2018-03-08 10:39:05','2018-03-08 10:39:05'),(90,1,'Airtime Regular load',NULL,94.00,'MYLOAD94','R94',NULL,'2018-03-08 10:39:05','2018-03-08 10:39:05'),(91,1,'Airtime Regular load',NULL,95.00,'MYLOAD95','R95',NULL,'2018-03-08 10:39:05','2018-03-08 10:39:05'),(92,1,'Airtime Regular load',NULL,96.00,'MYLOAD96','R96',NULL,'2018-03-08 10:39:05','2018-03-08 10:39:05'),(93,1,'Airtime Regular load',NULL,97.00,'MYLOAD97','R97',NULL,'2018-03-08 10:39:05','2018-03-08 10:39:05'),(94,1,'Airtime Regular load',NULL,98.00,'MYLOAD98','R98',NULL,'2018-03-08 10:39:05','2018-03-08 10:39:05'),(95,1,'Airtime Regular load',NULL,99.00,'MYLOAD99','R99',NULL,'2018-03-08 10:39:05','2018-03-08 10:39:05'),(96,1,'Airtime Regular load',NULL,100.00,'MYLOAD100','R100',NULL,'2018-03-08 10:39:05','2018-03-08 10:39:05'),(97,1,'Airtime Regular load',NULL,101.00,'MYLOAD101','R101',NULL,'2018-03-08 10:39:05','2018-03-08 10:39:05'),(98,1,'Airtime Regular load',NULL,102.00,'MYLOAD102','R102',NULL,'2018-03-08 10:39:05','2018-03-08 10:39:05'),(99,1,'Airtime Regular load',NULL,103.00,'MYLOAD103','R103',NULL,'2018-03-08 10:39:05','2018-03-08 10:39:05'),(100,1,'Airtime Regular load',NULL,104.00,'MYLOAD104','R104',NULL,'2018-03-08 10:39:05','2018-03-08 10:39:05'),(101,1,'Airtime Regular load',NULL,105.00,'MYLOAD105','R105',NULL,'2018-03-08 10:39:05','2018-03-08 10:39:05'),(102,1,'Airtime Regular load',NULL,106.00,'MYLOAD106','R106',NULL,'2018-03-08 10:39:05','2018-03-08 10:39:05'),(103,1,'Airtime Regular load',NULL,107.00,'MYLOAD107','R107',NULL,'2018-03-08 10:39:05','2018-03-08 10:39:05'),(104,1,'Airtime Regular load',NULL,108.00,'MYLOAD108','R108',NULL,'2018-03-08 10:39:05','2018-03-08 10:39:05'),(105,1,'Airtime Regular load',NULL,109.00,'MYLOAD109','R109',NULL,'2018-03-08 10:39:05','2018-03-08 10:39:05'),(106,1,'Airtime Regular load',NULL,110.00,'MYLOAD110','R110',NULL,'2018-03-08 10:39:05','2018-03-08 10:39:05'),(107,1,'Airtime Regular load',NULL,111.00,'MYLOAD111','R111',NULL,'2018-03-08 10:39:05','2018-03-08 10:39:05'),(108,1,'Airtime Regular load',NULL,112.00,'MYLOAD112','R112',NULL,'2018-03-08 10:39:05','2018-03-08 10:39:05'),(109,1,'Airtime Regular load',NULL,113.00,'MYLOAD113','R113',NULL,'2018-03-08 10:39:05','2018-03-08 10:39:05'),(110,1,'Airtime Regular load',NULL,114.00,'MYLOAD114','R114',NULL,'2018-03-08 10:39:05','2018-03-08 10:39:05'),(111,1,'Airtime Regular load',NULL,115.00,'MYLOAD115','R115',NULL,'2018-03-08 10:39:05','2018-03-08 10:39:05'),(112,1,'Airtime Regular load',NULL,116.00,'MYLOAD116','R116',NULL,'2018-03-08 10:39:05','2018-03-08 10:39:05'),(113,1,'Airtime Regular load',NULL,117.00,'MYLOAD117','R117',NULL,'2018-03-08 10:39:05','2018-03-08 10:39:05'),(114,1,'Airtime Regular load',NULL,118.00,'MYLOAD118','R118',NULL,'2018-03-08 10:39:05','2018-03-08 10:39:05'),(115,1,'Airtime Regular load',NULL,119.00,'MYLOAD119','R119',NULL,'2018-03-08 10:39:05','2018-03-08 10:39:05'),(116,1,'Airtime Regular load',NULL,120.00,'MYLOAD120','R120',NULL,'2018-03-08 10:39:05','2018-03-08 10:39:05'),(117,1,'Airtime Regular load',NULL,121.00,'MYLOAD121','R121',NULL,'2018-03-08 10:39:05','2018-03-08 10:39:05'),(118,1,'Airtime Regular load',NULL,122.00,'MYLOAD122','R122',NULL,'2018-03-08 10:39:05','2018-03-08 10:39:05'),(119,1,'Airtime Regular load',NULL,123.00,'MYLOAD123','R123',NULL,'2018-03-08 10:39:05','2018-03-08 10:39:05'),(120,1,'Airtime Regular load',NULL,124.00,'MYLOAD124','R124',NULL,'2018-03-08 10:39:05','2018-03-08 10:39:05'),(121,1,'Airtime Regular load',NULL,125.00,'MYLOAD125','R125',NULL,'2018-03-08 10:39:05','2018-03-08 10:39:05'),(122,1,'Airtime Regular load',NULL,126.00,'MYLOAD126','R126',NULL,'2018-03-08 10:39:05','2018-03-08 10:39:05'),(123,1,'Airtime Regular load',NULL,127.00,'MYLOAD127','R127',NULL,'2018-03-08 10:39:05','2018-03-08 10:39:05'),(124,1,'Airtime Regular load',NULL,128.00,'MYLOAD128','R128',NULL,'2018-03-08 10:39:05','2018-03-08 10:39:05'),(125,1,'Airtime Regular load',NULL,129.00,'MYLOAD129','R129',NULL,'2018-03-08 10:39:05','2018-03-08 10:39:05'),(126,1,'Airtime Regular load',NULL,130.00,'MYLOAD130','R130',NULL,'2018-03-08 10:39:05','2018-03-08 10:39:05'),(127,1,'Airtime Regular load',NULL,131.00,'MYLOAD131','R131',NULL,'2018-03-08 10:39:05','2018-03-08 10:39:05'),(128,1,'Airtime Regular load',NULL,132.00,'MYLOAD132','R132',NULL,'2018-03-08 10:39:05','2018-03-08 10:39:05'),(129,1,'Airtime Regular load',NULL,133.00,'MYLOAD133','R133',NULL,'2018-03-08 10:39:05','2018-03-08 10:39:05'),(130,1,'Airtime Regular load',NULL,134.00,'MYLOAD134','R134',NULL,'2018-03-08 10:39:05','2018-03-08 10:39:05'),(131,1,'Airtime Regular load',NULL,135.00,'MYLOAD135','R135',NULL,'2018-03-08 10:39:05','2018-03-08 10:39:05'),(132,1,'Airtime Regular load',NULL,136.00,'MYLOAD136','R136',NULL,'2018-03-08 10:39:05','2018-03-08 10:39:05'),(133,1,'Airtime Regular load',NULL,137.00,'MYLOAD137','R137',NULL,'2018-03-08 10:39:05','2018-03-08 10:39:05'),(134,1,'Airtime Regular load',NULL,138.00,'MYLOAD138','R138',NULL,'2018-03-08 10:39:05','2018-03-08 10:39:05'),(135,1,'Airtime Regular load',NULL,139.00,'MYLOAD139','R139',NULL,'2018-03-08 10:39:05','2018-03-08 10:39:05'),(136,1,'Airtime Regular load',NULL,140.00,'MYLOAD140','R140',NULL,'2018-03-08 10:39:05','2018-03-08 10:39:05'),(137,1,'Airtime Regular load',NULL,141.00,'MYLOAD141','R141',NULL,'2018-03-08 10:39:05','2018-03-08 10:39:05'),(138,1,'Airtime Regular load',NULL,142.00,'MYLOAD142','R142',NULL,'2018-03-08 10:39:05','2018-03-08 10:39:05'),(139,1,'Airtime Regular load',NULL,143.00,'MYLOAD143','R143',NULL,'2018-03-08 10:39:05','2018-03-08 10:39:05'),(140,1,'Airtime Regular load',NULL,144.00,'MYLOAD144','R144',NULL,'2018-03-08 10:39:05','2018-03-08 10:39:05'),(141,1,'Airtime Regular load',NULL,145.00,'MYLOAD145','R145',NULL,'2018-03-08 10:39:05','2018-03-08 10:39:05'),(142,1,'Airtime Regular load',NULL,146.00,'MYLOAD146','R146',NULL,'2018-03-08 10:39:05','2018-03-08 10:39:05'),(143,1,'Airtime Regular load',NULL,147.00,'MYLOAD147','R147',NULL,'2018-03-08 10:39:05','2018-03-08 10:39:05'),(144,1,'Airtime Regular load',NULL,148.00,'MYLOAD148','R148',NULL,'2018-03-08 10:39:05','2018-03-08 10:39:05'),(145,1,'Airtime Regular load',NULL,149.00,'MYLOAD149','R149',NULL,'2018-03-08 10:39:05','2018-03-08 10:39:05'),(146,1,'Airtime Regular load',NULL,150.00,'MYLOAD150','R150',NULL,'2018-03-08 10:39:05','2018-03-08 10:39:05'),(147,1,'Airtime Regular load',NULL,151.00,'MYLOAD151','R151',NULL,'2018-03-08 10:39:05','2018-03-08 10:39:05'),(148,1,'Airtime Regular load',NULL,152.00,'MYLOAD152','R152',NULL,'2018-03-08 10:39:05','2018-03-08 10:39:05'),(149,1,'Airtime Regular load',NULL,153.00,'MYLOAD153','R153',NULL,'2018-03-08 10:39:05','2018-03-08 10:39:05'),(150,1,'Airtime Regular load',NULL,154.00,'MYLOAD154','R154',NULL,'2018-03-08 10:39:05','2018-03-08 10:39:05'),(151,1,'Airtime Regular load',NULL,155.00,'MYLOAD155','R155',NULL,'2018-03-08 10:39:05','2018-03-08 10:39:05'),(152,1,'Airtime Regular load',NULL,156.00,'MYLOAD156','R156',NULL,'2018-03-08 10:39:05','2018-03-08 10:39:05'),(153,1,'Airtime Regular load',NULL,157.00,'MYLOAD157','R157',NULL,'2018-03-08 10:39:05','2018-03-08 10:39:05'),(154,1,'Airtime Regular load',NULL,158.00,'MYLOAD158','R158',NULL,'2018-03-08 10:39:05','2018-03-08 10:39:05'),(155,1,'Airtime Regular load',NULL,159.00,'MYLOAD159','R159',NULL,'2018-03-08 10:39:05','2018-03-08 10:39:05'),(156,1,'Airtime Regular load',NULL,160.00,'MYLOAD160','R160',NULL,'2018-03-08 10:39:05','2018-03-08 10:39:05'),(157,1,'Airtime Regular load',NULL,161.00,'MYLOAD161','R161',NULL,'2018-03-08 10:39:05','2018-03-08 10:39:05'),(158,1,'Airtime Regular load',NULL,162.00,'MYLOAD162','R162',NULL,'2018-03-08 10:39:05','2018-03-08 10:39:05'),(159,1,'Airtime Regular load',NULL,163.00,'MYLOAD163','R163',NULL,'2018-03-08 10:39:05','2018-03-08 10:39:05'),(160,1,'Airtime Regular load',NULL,164.00,'MYLOAD164','R164',NULL,'2018-03-08 10:39:05','2018-03-08 10:39:05'),(161,1,'Airtime Regular load',NULL,165.00,'MYLOAD165','R165',NULL,'2018-03-08 10:39:05','2018-03-08 10:39:05'),(162,1,'Airtime Regular load',NULL,166.00,'MYLOAD166','R166',NULL,'2018-03-08 10:39:05','2018-03-08 10:39:05'),(163,1,'Airtime Regular load',NULL,167.00,'MYLOAD167','R167',NULL,'2018-03-08 10:39:05','2018-03-08 10:39:05'),(164,1,'Airtime Regular load',NULL,168.00,'MYLOAD168','R168',NULL,'2018-03-08 10:39:05','2018-03-08 10:39:05'),(165,1,'Airtime Regular load',NULL,169.00,'MYLOAD169','R169',NULL,'2018-03-08 10:39:05','2018-03-08 10:39:05'),(166,1,'Airtime Regular load',NULL,170.00,'MYLOAD170','R170',NULL,'2018-03-08 10:39:05','2018-03-08 10:39:05'),(167,1,'Airtime Regular load',NULL,171.00,'MYLOAD171','R171',NULL,'2018-03-08 10:39:05','2018-03-08 10:39:05'),(168,1,'Airtime Regular load',NULL,172.00,'MYLOAD172','R172',NULL,'2018-03-08 10:39:05','2018-03-08 10:39:05'),(169,1,'Airtime Regular load',NULL,173.00,'MYLOAD173','R173',NULL,'2018-03-08 10:39:05','2018-03-08 10:39:05'),(170,1,'Airtime Regular load',NULL,174.00,'MYLOAD174','R174',NULL,'2018-03-08 10:39:05','2018-03-08 10:39:05'),(171,1,'Airtime Regular load',NULL,175.00,'MYLOAD175','R175',NULL,'2018-03-08 10:39:05','2018-03-08 10:39:05'),(172,1,'Airtime Regular load',NULL,176.00,'MYLOAD176','R176',NULL,'2018-03-08 10:39:05','2018-03-08 10:39:05'),(173,1,'Airtime Regular load',NULL,177.00,'MYLOAD177','R177',NULL,'2018-03-08 10:39:05','2018-03-08 10:39:05'),(174,1,'Airtime Regular load',NULL,178.00,'MYLOAD178','R178',NULL,'2018-03-08 10:39:05','2018-03-08 10:39:05'),(175,1,'Airtime Regular load',NULL,179.00,'MYLOAD179','R179',NULL,'2018-03-08 10:39:05','2018-03-08 10:39:05'),(176,1,'Airtime Regular load',NULL,180.00,'MYLOAD180','R180',NULL,'2018-03-08 10:39:05','2018-03-08 10:39:05'),(177,1,'Airtime Regular load',NULL,181.00,'MYLOAD181','R181',NULL,'2018-03-08 10:39:05','2018-03-08 10:39:05'),(178,1,'Airtime Regular load',NULL,182.00,'MYLOAD182','R182',NULL,'2018-03-08 10:39:05','2018-03-08 10:39:05'),(179,1,'Airtime Regular load',NULL,183.00,'MYLOAD183','R183',NULL,'2018-03-08 10:39:05','2018-03-08 10:39:05'),(180,1,'Airtime Regular load',NULL,184.00,'MYLOAD184','R184',NULL,'2018-03-08 10:39:05','2018-03-08 10:39:05'),(181,1,'Airtime Regular load',NULL,185.00,'MYLOAD185','R185',NULL,'2018-03-08 10:39:05','2018-03-08 10:39:05'),(182,1,'Airtime Regular load',NULL,186.00,'MYLOAD186','R186',NULL,'2018-03-08 10:39:05','2018-03-08 10:39:05'),(183,1,'Airtime Regular load',NULL,187.00,'MYLOAD187','R187',NULL,'2018-03-08 10:39:05','2018-03-08 10:39:05'),(184,1,'Airtime Regular load',NULL,188.00,'MYLOAD188','R188',NULL,'2018-03-08 10:39:05','2018-03-08 10:39:05'),(185,1,'Airtime Regular load',NULL,189.00,'MYLOAD189','R189',NULL,'2018-03-08 10:39:05','2018-03-08 10:39:05'),(186,1,'Airtime Regular load',NULL,190.00,'MYLOAD190','R190',NULL,'2018-03-08 10:39:05','2018-03-08 10:39:05'),(187,1,'Airtime Regular load',NULL,191.00,'MYLOAD191','R191',NULL,'2018-03-08 10:39:05','2018-03-08 10:39:05'),(188,1,'Airtime Regular load',NULL,192.00,'MYLOAD192','R192',NULL,'2018-03-08 10:39:05','2018-03-08 10:39:05'),(189,1,'Airtime Regular load',NULL,193.00,'MYLOAD193','R193',NULL,'2018-03-08 10:39:05','2018-03-08 10:39:05'),(190,1,'Airtime Regular load',NULL,194.00,'MYLOAD194','R194',NULL,'2018-03-08 10:39:05','2018-03-08 10:39:05'),(191,1,'Airtime Regular load',NULL,195.00,'MYLOAD195','R195',NULL,'2018-03-08 10:39:05','2018-03-08 10:39:05'),(192,1,'Airtime Regular load',NULL,196.00,'MYLOAD196','R196',NULL,'2018-03-08 10:39:05','2018-03-08 10:39:05'),(193,1,'Airtime Regular load',NULL,197.00,'MYLOAD197','R197',NULL,'2018-03-08 10:39:05','2018-03-08 10:39:05'),(194,1,'Airtime Regular load',NULL,198.00,'MYLOAD198','R198',NULL,'2018-03-08 10:39:05','2018-03-08 10:39:05'),(195,1,'Airtime Regular load',NULL,199.00,'MYLOAD199','R199',NULL,'2018-03-08 10:39:05','2018-03-08 10:39:05'),(196,1,'Airtime Regular load',NULL,200.00,'MYLOAD200','R200',NULL,'2018-03-08 10:39:05','2018-03-08 10:39:05'),(197,1,'Airtime Regular load',NULL,201.00,'MYLOAD201','R201',NULL,'2018-03-08 10:39:05','2018-03-08 10:39:05'),(198,1,'Airtime Regular load',NULL,202.00,'MYLOAD202','R202',NULL,'2018-03-08 10:39:05','2018-03-08 10:39:05'),(199,1,'Airtime Regular load',NULL,203.00,'MYLOAD203','R203',NULL,'2018-03-08 10:39:05','2018-03-08 10:39:05'),(200,1,'Airtime Regular load',NULL,204.00,'MYLOAD204','R204',NULL,'2018-03-08 10:39:05','2018-03-08 10:39:05'),(201,1,'Airtime Regular load',NULL,205.00,'MYLOAD205','R205',NULL,'2018-03-08 10:39:05','2018-03-08 10:39:05'),(202,1,'Airtime Regular load',NULL,206.00,'MYLOAD206','R206',NULL,'2018-03-08 10:39:05','2018-03-08 10:39:05'),(203,1,'Airtime Regular load',NULL,207.00,'MYLOAD207','R207',NULL,'2018-03-08 10:39:05','2018-03-08 10:39:05'),(204,1,'Airtime Regular load',NULL,208.00,'MYLOAD208','R208',NULL,'2018-03-08 10:39:05','2018-03-08 10:39:05'),(205,1,'Airtime Regular load',NULL,209.00,'MYLOAD209','R209',NULL,'2018-03-08 10:39:05','2018-03-08 10:39:05'),(206,1,'Airtime Regular load',NULL,210.00,'MYLOAD210','R210',NULL,'2018-03-08 10:39:05','2018-03-08 10:39:05'),(207,1,'Airtime Regular load',NULL,211.00,'MYLOAD211','R211',NULL,'2018-03-08 10:39:05','2018-03-08 10:39:05'),(208,1,'Airtime Regular load',NULL,212.00,'MYLOAD212','R212',NULL,'2018-03-08 10:39:05','2018-03-08 10:39:05'),(209,1,'Airtime Regular load',NULL,213.00,'MYLOAD213','R213',NULL,'2018-03-08 10:39:05','2018-03-08 10:39:05'),(210,1,'Airtime Regular load',NULL,214.00,'MYLOAD214','R214',NULL,'2018-03-08 10:39:05','2018-03-08 10:39:05'),(211,1,'Airtime Regular load',NULL,215.00,'MYLOAD215','R215',NULL,'2018-03-08 10:39:05','2018-03-08 10:39:05'),(212,1,'Airtime Regular load',NULL,216.00,'MYLOAD216','R216',NULL,'2018-03-08 10:39:05','2018-03-08 10:39:05'),(213,1,'Airtime Regular load',NULL,217.00,'MYLOAD217','R217',NULL,'2018-03-08 10:39:05','2018-03-08 10:39:05'),(214,1,'Airtime Regular load',NULL,218.00,'MYLOAD218','R218',NULL,'2018-03-08 10:39:05','2018-03-08 10:39:05'),(215,1,'Airtime Regular load',NULL,219.00,'MYLOAD219','R219',NULL,'2018-03-08 10:39:05','2018-03-08 10:39:05'),(216,1,'Airtime Regular load',NULL,220.00,'MYLOAD220','R220',NULL,'2018-03-08 10:39:05','2018-03-08 10:39:05'),(217,1,'Airtime Regular load',NULL,221.00,'MYLOAD221','R221',NULL,'2018-03-08 10:39:05','2018-03-08 10:39:05'),(218,1,'Airtime Regular load',NULL,222.00,'MYLOAD222','R222',NULL,'2018-03-08 10:39:05','2018-03-08 10:39:05'),(219,1,'Airtime Regular load',NULL,223.00,'MYLOAD223','R223',NULL,'2018-03-08 10:39:05','2018-03-08 10:39:05'),(220,1,'Airtime Regular load',NULL,224.00,'MYLOAD224','R224',NULL,'2018-03-08 10:39:05','2018-03-08 10:39:05'),(221,1,'Airtime Regular load',NULL,225.00,'MYLOAD225','R225',NULL,'2018-03-08 10:39:05','2018-03-08 10:39:05'),(222,1,'Airtime Regular load',NULL,226.00,'MYLOAD226','R226',NULL,'2018-03-08 10:39:05','2018-03-08 10:39:05'),(223,1,'Airtime Regular load',NULL,227.00,'MYLOAD227','R227',NULL,'2018-03-08 10:39:05','2018-03-08 10:39:05'),(224,1,'Airtime Regular load',NULL,228.00,'MYLOAD228','R228',NULL,'2018-03-08 10:39:05','2018-03-08 10:39:05'),(225,1,'Airtime Regular load',NULL,229.00,'MYLOAD229','R229',NULL,'2018-03-08 10:39:05','2018-03-08 10:39:05'),(226,1,'Airtime Regular load',NULL,230.00,'MYLOAD230','R230',NULL,'2018-03-08 10:39:05','2018-03-08 10:39:05'),(227,1,'Airtime Regular load',NULL,231.00,'MYLOAD231','R231',NULL,'2018-03-08 10:39:05','2018-03-08 10:39:05'),(228,1,'Airtime Regular load',NULL,232.00,'MYLOAD232','R232',NULL,'2018-03-08 10:39:05','2018-03-08 10:39:05'),(229,1,'Airtime Regular load',NULL,233.00,'MYLOAD233','R233',NULL,'2018-03-08 10:39:05','2018-03-08 10:39:05'),(230,1,'Airtime Regular load',NULL,234.00,'MYLOAD234','R234',NULL,'2018-03-08 10:39:05','2018-03-08 10:39:05'),(231,1,'Airtime Regular load',NULL,235.00,'MYLOAD235','R235',NULL,'2018-03-08 10:39:05','2018-03-08 10:39:05'),(232,1,'Airtime Regular load',NULL,236.00,'MYLOAD236','R236',NULL,'2018-03-08 10:39:05','2018-03-08 10:39:05'),(233,1,'Airtime Regular load',NULL,237.00,'MYLOAD237','R237',NULL,'2018-03-08 10:39:05','2018-03-08 10:39:05'),(234,1,'Airtime Regular load',NULL,238.00,'MYLOAD238','R238',NULL,'2018-03-08 10:39:05','2018-03-08 10:39:05'),(235,1,'Airtime Regular load',NULL,239.00,'MYLOAD239','R239',NULL,'2018-03-08 10:39:05','2018-03-08 10:39:05'),(236,1,'Airtime Regular load',NULL,240.00,'MYLOAD240','R240',NULL,'2018-03-08 10:39:05','2018-03-08 10:39:05'),(237,1,'Airtime Regular load',NULL,241.00,'MYLOAD241','R241',NULL,'2018-03-08 10:39:05','2018-03-08 10:39:05'),(238,1,'Airtime Regular load',NULL,242.00,'MYLOAD242','R242',NULL,'2018-03-08 10:39:05','2018-03-08 10:39:05'),(239,1,'Airtime Regular load',NULL,243.00,'MYLOAD243','R243',NULL,'2018-03-08 10:39:05','2018-03-08 10:39:05'),(240,1,'Airtime Regular load',NULL,244.00,'MYLOAD244','R244',NULL,'2018-03-08 10:39:05','2018-03-08 10:39:05'),(241,1,'Airtime Regular load',NULL,245.00,'MYLOAD245','R245',NULL,'2018-03-08 10:39:05','2018-03-08 10:39:05'),(242,1,'Airtime Regular load',NULL,246.00,'MYLOAD246','R246',NULL,'2018-03-08 10:39:05','2018-03-08 10:39:05'),(243,1,'Airtime Regular load',NULL,247.00,'MYLOAD247','R247',NULL,'2018-03-08 10:39:05','2018-03-08 10:39:05'),(244,1,'Airtime Regular load',NULL,248.00,'MYLOAD248','R248',NULL,'2018-03-08 10:39:05','2018-03-08 10:39:05'),(245,1,'Airtime Regular load',NULL,249.00,'MYLOAD249','R249',NULL,'2018-03-08 10:39:05','2018-03-08 10:39:05'),(246,1,'Airtime Regular load',NULL,250.00,'MYLOAD250','R250',NULL,'2018-03-08 10:39:05','2018-03-08 10:39:05'),(247,1,'Airtime Regular load',NULL,251.00,'MYLOAD251','R251',NULL,'2018-03-08 10:39:05','2018-03-08 10:39:05'),(248,1,'Airtime Regular load',NULL,252.00,'MYLOAD252','R252',NULL,'2018-03-08 10:39:05','2018-03-08 10:39:05'),(249,1,'Airtime Regular load',NULL,253.00,'MYLOAD253','R253',NULL,'2018-03-08 10:39:05','2018-03-08 10:39:05'),(250,1,'Airtime Regular load',NULL,254.00,'MYLOAD254','R254',NULL,'2018-03-08 10:39:05','2018-03-08 10:39:05'),(251,1,'Airtime Regular load',NULL,255.00,'MYLOAD255','R255',NULL,'2018-03-08 10:39:05','2018-03-08 10:39:05'),(252,1,'Airtime Regular load',NULL,256.00,'MYLOAD256','R256',NULL,'2018-03-08 10:39:05','2018-03-08 10:39:05'),(253,1,'Airtime Regular load',NULL,257.00,'MYLOAD257','R257',NULL,'2018-03-08 10:39:05','2018-03-08 10:39:05'),(254,1,'Airtime Regular load',NULL,258.00,'MYLOAD258','R258',NULL,'2018-03-08 10:39:05','2018-03-08 10:39:05'),(255,1,'Airtime Regular load',NULL,259.00,'MYLOAD259','R259',NULL,'2018-03-08 10:39:05','2018-03-08 10:39:05'),(256,1,'Airtime Regular load',NULL,260.00,'MYLOAD260','R260',NULL,'2018-03-08 10:39:05','2018-03-08 10:39:05'),(257,1,'Airtime Regular load',NULL,261.00,'MYLOAD261','R261',NULL,'2018-03-08 10:39:05','2018-03-08 10:39:05'),(258,1,'Airtime Regular load',NULL,262.00,'MYLOAD262','R262',NULL,'2018-03-08 10:39:05','2018-03-08 10:39:05'),(259,1,'Airtime Regular load',NULL,263.00,'MYLOAD263','R263',NULL,'2018-03-08 10:39:05','2018-03-08 10:39:05'),(260,1,'Airtime Regular load',NULL,264.00,'MYLOAD264','R264',NULL,'2018-03-08 10:39:05','2018-03-08 10:39:05'),(261,1,'Airtime Regular load',NULL,265.00,'MYLOAD265','R265',NULL,'2018-03-08 10:39:05','2018-03-08 10:39:05'),(262,1,'Airtime Regular load',NULL,266.00,'MYLOAD266','R266',NULL,'2018-03-08 10:39:05','2018-03-08 10:39:05'),(263,1,'Airtime Regular load',NULL,267.00,'MYLOAD267','R267',NULL,'2018-03-08 10:39:05','2018-03-08 10:39:05'),(264,1,'Airtime Regular load',NULL,268.00,'MYLOAD268','R268',NULL,'2018-03-08 10:39:05','2018-03-08 10:39:05'),(265,1,'Airtime Regular load',NULL,269.00,'MYLOAD269','R269',NULL,'2018-03-08 10:39:05','2018-03-08 10:39:05'),(266,1,'Airtime Regular load',NULL,270.00,'MYLOAD270','R270',NULL,'2018-03-08 10:39:05','2018-03-08 10:39:05'),(267,1,'Airtime Regular load',NULL,271.00,'MYLOAD271','R271',NULL,'2018-03-08 10:39:05','2018-03-08 10:39:05'),(268,1,'Airtime Regular load',NULL,272.00,'MYLOAD272','R272',NULL,'2018-03-08 10:39:05','2018-03-08 10:39:05'),(269,1,'Airtime Regular load',NULL,273.00,'MYLOAD273','R273',NULL,'2018-03-08 10:39:05','2018-03-08 10:39:05'),(270,1,'Airtime Regular load',NULL,274.00,'MYLOAD274','R274',NULL,'2018-03-08 10:39:05','2018-03-08 10:39:05'),(271,1,'Airtime Regular load',NULL,275.00,'MYLOAD275','R275',NULL,'2018-03-08 10:39:05','2018-03-08 10:39:05'),(272,1,'Airtime Regular load',NULL,276.00,'MYLOAD276','R276',NULL,'2018-03-08 10:39:05','2018-03-08 10:39:05'),(273,1,'Airtime Regular load',NULL,277.00,'MYLOAD277','R277',NULL,'2018-03-08 10:39:05','2018-03-08 10:39:05'),(274,1,'Airtime Regular load',NULL,278.00,'MYLOAD278','R278',NULL,'2018-03-08 10:39:05','2018-03-08 10:39:05'),(275,1,'Airtime Regular load',NULL,279.00,'MYLOAD279','R279',NULL,'2018-03-08 10:39:05','2018-03-08 10:39:05'),(276,1,'Airtime Regular load',NULL,280.00,'MYLOAD280','R280',NULL,'2018-03-08 10:39:05','2018-03-08 10:39:05'),(277,1,'Airtime Regular load',NULL,281.00,'MYLOAD281','R281',NULL,'2018-03-08 10:39:05','2018-03-08 10:39:05'),(278,1,'Airtime Regular load',NULL,282.00,'MYLOAD282','R282',NULL,'2018-03-08 10:39:05','2018-03-08 10:39:05'),(279,1,'Airtime Regular load',NULL,283.00,'MYLOAD283','R283',NULL,'2018-03-08 10:39:05','2018-03-08 10:39:05'),(280,1,'Airtime Regular load',NULL,284.00,'MYLOAD284','R284',NULL,'2018-03-08 10:39:05','2018-03-08 10:39:05'),(281,1,'Airtime Regular load',NULL,285.00,'MYLOAD285','R285',NULL,'2018-03-08 10:39:05','2018-03-08 10:39:05'),(282,1,'Airtime Regular load',NULL,286.00,'MYLOAD286','R286',NULL,'2018-03-08 10:39:05','2018-03-08 10:39:05'),(283,1,'Airtime Regular load',NULL,287.00,'MYLOAD287','R287',NULL,'2018-03-08 10:39:05','2018-03-08 10:39:05'),(284,1,'Airtime Regular load',NULL,288.00,'MYLOAD288','R288',NULL,'2018-03-08 10:39:05','2018-03-08 10:39:05'),(285,1,'Airtime Regular load',NULL,289.00,'MYLOAD289','R289',NULL,'2018-03-08 10:39:05','2018-03-08 10:39:05'),(286,1,'Airtime Regular load',NULL,290.00,'MYLOAD290','R290',NULL,'2018-03-08 10:39:05','2018-03-08 10:39:05'),(287,1,'Airtime Regular load',NULL,291.00,'MYLOAD291','R291',NULL,'2018-03-08 10:39:05','2018-03-08 10:39:05'),(288,1,'Airtime Regular load',NULL,292.00,'MYLOAD292','R292',NULL,'2018-03-08 10:39:05','2018-03-08 10:39:05'),(289,1,'Airtime Regular load',NULL,293.00,'MYLOAD293','R293',NULL,'2018-03-08 10:39:05','2018-03-08 10:39:05'),(290,1,'Airtime Regular load',NULL,294.00,'MYLOAD294','R294',NULL,'2018-03-08 10:39:05','2018-03-08 10:39:05'),(291,1,'Airtime Regular load',NULL,295.00,'MYLOAD295','R295',NULL,'2018-03-08 10:39:05','2018-03-08 10:39:05'),(292,1,'Airtime Regular load',NULL,296.00,'MYLOAD296','R296',NULL,'2018-03-08 10:39:05','2018-03-08 10:39:05'),(293,1,'Airtime Regular load',NULL,297.00,'MYLOAD297','R297',NULL,'2018-03-08 10:39:05','2018-03-08 10:39:05'),(294,1,'Airtime Regular load',NULL,298.00,'MYLOAD298','R298',NULL,'2018-03-08 10:39:05','2018-03-08 10:39:05'),(295,1,'Airtime Regular load',NULL,299.00,'MYLOAD299','R299',NULL,'2018-03-08 10:39:05','2018-03-08 10:39:05'),(296,1,'Airtime Regular load',NULL,300.00,'MYLOAD300','R300',NULL,'2018-03-08 10:39:05','2018-03-08 10:39:05'),(297,1,'Airtime Regular load',NULL,301.00,'MYLOAD301','R301',NULL,'2018-03-08 10:39:05','2018-03-08 10:39:05'),(298,1,'Airtime Regular load',NULL,302.00,'MYLOAD302','R302',NULL,'2018-03-08 10:39:05','2018-03-08 10:39:05'),(299,1,'Airtime Regular load',NULL,303.00,'MYLOAD303','R303',NULL,'2018-03-08 10:39:05','2018-03-08 10:39:05'),(300,1,'Airtime Regular load',NULL,304.00,'MYLOAD304','R304',NULL,'2018-03-08 10:39:05','2018-03-08 10:39:05'),(301,1,'Airtime Regular load',NULL,305.00,'MYLOAD305','R305',NULL,'2018-03-08 10:39:05','2018-03-08 10:39:05'),(302,1,'Airtime Regular load',NULL,306.00,'MYLOAD306','R306',NULL,'2018-03-08 10:39:05','2018-03-08 10:39:05'),(303,1,'Airtime Regular load',NULL,307.00,'MYLOAD307','R307',NULL,'2018-03-08 10:39:05','2018-03-08 10:39:05'),(304,1,'Airtime Regular load',NULL,308.00,'MYLOAD308','R308',NULL,'2018-03-08 10:39:05','2018-03-08 10:39:05'),(305,1,'Airtime Regular load',NULL,309.00,'MYLOAD309','R309',NULL,'2018-03-08 10:39:05','2018-03-08 10:39:05'),(306,1,'Airtime Regular load',NULL,310.00,'MYLOAD310','R310',NULL,'2018-03-08 10:39:05','2018-03-08 10:39:05'),(307,1,'Airtime Regular load',NULL,311.00,'MYLOAD311','R311',NULL,'2018-03-08 10:39:05','2018-03-08 10:39:05'),(308,1,'Airtime Regular load',NULL,312.00,'MYLOAD312','R312',NULL,'2018-03-08 10:39:05','2018-03-08 10:39:05'),(309,1,'Airtime Regular load',NULL,313.00,'MYLOAD313','R313',NULL,'2018-03-08 10:39:05','2018-03-08 10:39:05'),(310,1,'Airtime Regular load',NULL,314.00,'MYLOAD314','R314',NULL,'2018-03-08 10:39:05','2018-03-08 10:39:05'),(311,1,'Airtime Regular load',NULL,315.00,'MYLOAD315','R315',NULL,'2018-03-08 10:39:05','2018-03-08 10:39:05'),(312,1,'Airtime Regular load',NULL,316.00,'MYLOAD316','R316',NULL,'2018-03-08 10:39:05','2018-03-08 10:39:05'),(313,1,'Airtime Regular load',NULL,317.00,'MYLOAD317','R317',NULL,'2018-03-08 10:39:05','2018-03-08 10:39:05'),(314,1,'Airtime Regular load',NULL,318.00,'MYLOAD318','R318',NULL,'2018-03-08 10:39:05','2018-03-08 10:39:05'),(315,1,'Airtime Regular load',NULL,319.00,'MYLOAD319','R319',NULL,'2018-03-08 10:39:05','2018-03-08 10:39:05'),(316,1,'Airtime Regular load',NULL,320.00,'MYLOAD320','R320',NULL,'2018-03-08 10:39:05','2018-03-08 10:39:05'),(317,1,'Airtime Regular load',NULL,321.00,'MYLOAD321','R321',NULL,'2018-03-08 10:39:05','2018-03-08 10:39:05'),(318,1,'Airtime Regular load',NULL,322.00,'MYLOAD322','R322',NULL,'2018-03-08 10:39:05','2018-03-08 10:39:05'),(319,1,'Airtime Regular load',NULL,323.00,'MYLOAD323','R323',NULL,'2018-03-08 10:39:05','2018-03-08 10:39:05'),(320,1,'Airtime Regular load',NULL,324.00,'MYLOAD324','R324',NULL,'2018-03-08 10:39:05','2018-03-08 10:39:05'),(321,1,'Airtime Regular load',NULL,325.00,'MYLOAD325','R325',NULL,'2018-03-08 10:39:05','2018-03-08 10:39:05'),(322,1,'Airtime Regular load',NULL,326.00,'MYLOAD326','R326',NULL,'2018-03-08 10:39:05','2018-03-08 10:39:05'),(323,1,'Airtime Regular load',NULL,327.00,'MYLOAD327','R327',NULL,'2018-03-08 10:39:05','2018-03-08 10:39:05'),(324,1,'Airtime Regular load',NULL,328.00,'MYLOAD328','R328',NULL,'2018-03-08 10:39:05','2018-03-08 10:39:05'),(325,1,'Airtime Regular load',NULL,329.00,'MYLOAD329','R329',NULL,'2018-03-08 10:39:05','2018-03-08 10:39:05'),(326,1,'Airtime Regular load',NULL,330.00,'MYLOAD330','R330',NULL,'2018-03-08 10:39:05','2018-03-08 10:39:05'),(327,1,'Airtime Regular load',NULL,331.00,'MYLOAD331','R331',NULL,'2018-03-08 10:39:05','2018-03-08 10:39:05'),(328,1,'Airtime Regular load',NULL,332.00,'MYLOAD332','R332',NULL,'2018-03-08 10:39:05','2018-03-08 10:39:05'),(329,1,'Airtime Regular load',NULL,333.00,'MYLOAD333','R333',NULL,'2018-03-08 10:39:05','2018-03-08 10:39:05'),(330,1,'Airtime Regular load',NULL,334.00,'MYLOAD334','R334',NULL,'2018-03-08 10:39:05','2018-03-08 10:39:05'),(331,1,'Airtime Regular load',NULL,335.00,'MYLOAD335','R335',NULL,'2018-03-08 10:39:05','2018-03-08 10:39:05'),(332,1,'Airtime Regular load',NULL,336.00,'MYLOAD336','R336',NULL,'2018-03-08 10:39:05','2018-03-08 10:39:05'),(333,1,'Airtime Regular load',NULL,337.00,'MYLOAD337','R337',NULL,'2018-03-08 10:39:05','2018-03-08 10:39:05'),(334,1,'Airtime Regular load',NULL,338.00,'MYLOAD338','R338',NULL,'2018-03-08 10:39:05','2018-03-08 10:39:05'),(335,1,'Airtime Regular load',NULL,339.00,'MYLOAD339','R339',NULL,'2018-03-08 10:39:05','2018-03-08 10:39:05'),(336,1,'Airtime Regular load',NULL,340.00,'MYLOAD340','R340',NULL,'2018-03-08 10:39:05','2018-03-08 10:39:05'),(337,1,'Airtime Regular load',NULL,341.00,'MYLOAD341','R341',NULL,'2018-03-08 10:39:05','2018-03-08 10:39:05'),(338,1,'Airtime Regular load',NULL,342.00,'MYLOAD342','R342',NULL,'2018-03-08 10:39:05','2018-03-08 10:39:05'),(339,1,'Airtime Regular load',NULL,343.00,'MYLOAD343','R343',NULL,'2018-03-08 10:39:05','2018-03-08 10:39:05'),(340,1,'Airtime Regular load',NULL,344.00,'MYLOAD344','R344',NULL,'2018-03-08 10:39:05','2018-03-08 10:39:05'),(341,1,'Airtime Regular load',NULL,345.00,'MYLOAD345','R345',NULL,'2018-03-08 10:39:05','2018-03-08 10:39:05'),(342,1,'Airtime Regular load',NULL,346.00,'MYLOAD346','R346',NULL,'2018-03-08 10:39:05','2018-03-08 10:39:05'),(343,1,'Airtime Regular load',NULL,347.00,'MYLOAD347','R347',NULL,'2018-03-08 10:39:05','2018-03-08 10:39:05'),(344,1,'Airtime Regular load',NULL,348.00,'MYLOAD348','R348',NULL,'2018-03-08 10:39:05','2018-03-08 10:39:05'),(345,1,'Airtime Regular load',NULL,349.00,'MYLOAD349','R349',NULL,'2018-03-08 10:39:05','2018-03-08 10:39:05'),(346,1,'Airtime Regular load',NULL,350.00,'MYLOAD350','R350',NULL,'2018-03-08 10:39:05','2018-03-08 10:39:05'),(347,1,'Airtime Regular load',NULL,351.00,'MYLOAD351','R351',NULL,'2018-03-08 10:39:05','2018-03-08 10:39:05'),(348,1,'Airtime Regular load',NULL,352.00,'MYLOAD352','R352',NULL,'2018-03-08 10:39:05','2018-03-08 10:39:05'),(349,1,'Airtime Regular load',NULL,353.00,'MYLOAD353','R353',NULL,'2018-03-08 10:39:05','2018-03-08 10:39:05'),(350,1,'Airtime Regular load',NULL,354.00,'MYLOAD354','R354',NULL,'2018-03-08 10:39:05','2018-03-08 10:39:05'),(351,1,'Airtime Regular load',NULL,355.00,'MYLOAD355','R355',NULL,'2018-03-08 10:39:05','2018-03-08 10:39:05'),(352,1,'Airtime Regular load',NULL,356.00,'MYLOAD356','R356',NULL,'2018-03-08 10:39:05','2018-03-08 10:39:05'),(353,1,'Airtime Regular load',NULL,357.00,'MYLOAD357','R357',NULL,'2018-03-08 10:39:05','2018-03-08 10:39:05'),(354,1,'Airtime Regular load',NULL,358.00,'MYLOAD358','R358',NULL,'2018-03-08 10:39:05','2018-03-08 10:39:05'),(355,1,'Airtime Regular load',NULL,359.00,'MYLOAD359','R359',NULL,'2018-03-08 10:39:05','2018-03-08 10:39:05'),(356,1,'Airtime Regular load',NULL,360.00,'MYLOAD360','R360',NULL,'2018-03-08 10:39:05','2018-03-08 10:39:05'),(357,1,'Airtime Regular load',NULL,361.00,'MYLOAD361','R361',NULL,'2018-03-08 10:39:05','2018-03-08 10:39:05'),(358,1,'Airtime Regular load',NULL,362.00,'MYLOAD362','R362',NULL,'2018-03-08 10:39:05','2018-03-08 10:39:05'),(359,1,'Airtime Regular load',NULL,363.00,'MYLOAD363','R363',NULL,'2018-03-08 10:39:05','2018-03-08 10:39:05'),(360,1,'Airtime Regular load',NULL,364.00,'MYLOAD364','R364',NULL,'2018-03-08 10:39:05','2018-03-08 10:39:05'),(361,1,'Airtime Regular load',NULL,365.00,'MYLOAD365','R365',NULL,'2018-03-08 10:39:05','2018-03-08 10:39:05'),(362,1,'Airtime Regular load',NULL,366.00,'MYLOAD366','R366',NULL,'2018-03-08 10:39:05','2018-03-08 10:39:05'),(363,1,'Airtime Regular load',NULL,367.00,'MYLOAD367','R367',NULL,'2018-03-08 10:39:05','2018-03-08 10:39:05'),(364,1,'Airtime Regular load',NULL,368.00,'MYLOAD368','R368',NULL,'2018-03-08 10:39:05','2018-03-08 10:39:05'),(365,1,'Airtime Regular load',NULL,369.00,'MYLOAD369','R369',NULL,'2018-03-08 10:39:05','2018-03-08 10:39:05'),(366,1,'Airtime Regular load',NULL,370.00,'MYLOAD370','R370',NULL,'2018-03-08 10:39:05','2018-03-08 10:39:05'),(367,1,'Airtime Regular load',NULL,371.00,'MYLOAD371','R371',NULL,'2018-03-08 10:39:05','2018-03-08 10:39:05'),(368,1,'Airtime Regular load',NULL,372.00,'MYLOAD372','R372',NULL,'2018-03-08 10:39:05','2018-03-08 10:39:05'),(369,1,'Airtime Regular load',NULL,373.00,'MYLOAD373','R373',NULL,'2018-03-08 10:39:05','2018-03-08 10:39:05'),(370,1,'Airtime Regular load',NULL,374.00,'MYLOAD374','R374',NULL,'2018-03-08 10:39:05','2018-03-08 10:39:05'),(371,1,'Airtime Regular load',NULL,375.00,'MYLOAD375','R375',NULL,'2018-03-08 10:39:05','2018-03-08 10:39:05'),(372,1,'Airtime Regular load',NULL,376.00,'MYLOAD376','R376',NULL,'2018-03-08 10:39:05','2018-03-08 10:39:05'),(373,1,'Airtime Regular load',NULL,377.00,'MYLOAD377','R377',NULL,'2018-03-08 10:39:05','2018-03-08 10:39:05'),(374,1,'Airtime Regular load',NULL,378.00,'MYLOAD378','R378',NULL,'2018-03-08 10:39:05','2018-03-08 10:39:05'),(375,1,'Airtime Regular load',NULL,379.00,'MYLOAD379','R379',NULL,'2018-03-08 10:39:05','2018-03-08 10:39:05'),(376,1,'Airtime Regular load',NULL,380.00,'MYLOAD380','R380',NULL,'2018-03-08 10:39:05','2018-03-08 10:39:05'),(377,1,'Airtime Regular load',NULL,381.00,'MYLOAD381','R381',NULL,'2018-03-08 10:39:05','2018-03-08 10:39:05'),(378,1,'Airtime Regular load',NULL,382.00,'MYLOAD382','R382',NULL,'2018-03-08 10:39:05','2018-03-08 10:39:05'),(379,1,'Airtime Regular load',NULL,383.00,'MYLOAD383','R383',NULL,'2018-03-08 10:39:05','2018-03-08 10:39:05'),(380,1,'Airtime Regular load',NULL,384.00,'MYLOAD384','R384',NULL,'2018-03-08 10:39:05','2018-03-08 10:39:05'),(381,1,'Airtime Regular load',NULL,385.00,'MYLOAD385','R385',NULL,'2018-03-08 10:39:05','2018-03-08 10:39:05'),(382,1,'Airtime Regular load',NULL,386.00,'MYLOAD386','R386',NULL,'2018-03-08 10:39:05','2018-03-08 10:39:05'),(383,1,'Airtime Regular load',NULL,387.00,'MYLOAD387','R387',NULL,'2018-03-08 10:39:05','2018-03-08 10:39:05'),(384,1,'Airtime Regular load',NULL,388.00,'MYLOAD388','R388',NULL,'2018-03-08 10:39:05','2018-03-08 10:39:05'),(385,1,'Airtime Regular load',NULL,389.00,'MYLOAD389','R389',NULL,'2018-03-08 10:39:05','2018-03-08 10:39:05'),(386,1,'Airtime Regular load',NULL,390.00,'MYLOAD390','R390',NULL,'2018-03-08 10:39:05','2018-03-08 10:39:05'),(387,1,'Airtime Regular load',NULL,391.00,'MYLOAD391','R391',NULL,'2018-03-08 10:39:05','2018-03-08 10:39:05'),(388,1,'Airtime Regular load',NULL,392.00,'MYLOAD392','R392',NULL,'2018-03-08 10:39:05','2018-03-08 10:39:05'),(389,1,'Airtime Regular load',NULL,393.00,'MYLOAD393','R393',NULL,'2018-03-08 10:39:05','2018-03-08 10:39:05'),(390,1,'Airtime Regular load',NULL,394.00,'MYLOAD394','R394',NULL,'2018-03-08 10:39:05','2018-03-08 10:39:05'),(391,1,'Airtime Regular load',NULL,395.00,'MYLOAD395','R395',NULL,'2018-03-08 10:39:05','2018-03-08 10:39:05'),(392,1,'Airtime Regular load',NULL,396.00,'MYLOAD396','R396',NULL,'2018-03-08 10:39:05','2018-03-08 10:39:05'),(393,1,'Airtime Regular load',NULL,397.00,'MYLOAD397','R397',NULL,'2018-03-08 10:39:05','2018-03-08 10:39:05'),(394,1,'Airtime Regular load',NULL,398.00,'MYLOAD398','R398',NULL,'2018-03-08 10:39:05','2018-03-08 10:39:05'),(395,1,'Airtime Regular load',NULL,399.00,'MYLOAD399','R399',NULL,'2018-03-08 10:39:05','2018-03-08 10:39:05'),(396,1,'Airtime Regular load',NULL,400.00,'MYLOAD400','R400',NULL,'2018-03-08 10:39:05','2018-03-08 10:39:05'),(397,1,'Airtime Regular load',NULL,401.00,'MYLOAD401','R401',NULL,'2018-03-08 10:39:05','2018-03-08 10:39:05'),(398,1,'Airtime Regular load',NULL,402.00,'MYLOAD402','R402',NULL,'2018-03-08 10:39:05','2018-03-08 10:39:05'),(399,1,'Airtime Regular load',NULL,403.00,'MYLOAD403','R403',NULL,'2018-03-08 10:39:05','2018-03-08 10:39:05'),(400,1,'Airtime Regular load',NULL,404.00,'MYLOAD404','R404',NULL,'2018-03-08 10:39:05','2018-03-08 10:39:05'),(401,1,'Airtime Regular load',NULL,405.00,'MYLOAD405','R405',NULL,'2018-03-08 10:39:05','2018-03-08 10:39:05'),(402,1,'Airtime Regular load',NULL,406.00,'MYLOAD406','R406',NULL,'2018-03-08 10:39:05','2018-03-08 10:39:05'),(403,1,'Airtime Regular load',NULL,407.00,'MYLOAD407','R407',NULL,'2018-03-08 10:39:05','2018-03-08 10:39:05'),(404,1,'Airtime Regular load',NULL,408.00,'MYLOAD408','R408',NULL,'2018-03-08 10:39:05','2018-03-08 10:39:05'),(405,1,'Airtime Regular load',NULL,409.00,'MYLOAD409','R409',NULL,'2018-03-08 10:39:05','2018-03-08 10:39:05'),(406,1,'Airtime Regular load',NULL,410.00,'MYLOAD410','R410',NULL,'2018-03-08 10:39:05','2018-03-08 10:39:05'),(407,1,'Airtime Regular load',NULL,411.00,'MYLOAD411','R411',NULL,'2018-03-08 10:39:05','2018-03-08 10:39:05'),(408,1,'Airtime Regular load',NULL,412.00,'MYLOAD412','R412',NULL,'2018-03-08 10:39:05','2018-03-08 10:39:05'),(409,1,'Airtime Regular load',NULL,413.00,'MYLOAD413','R413',NULL,'2018-03-08 10:39:05','2018-03-08 10:39:05'),(410,1,'Airtime Regular load',NULL,414.00,'MYLOAD414','R414',NULL,'2018-03-08 10:39:05','2018-03-08 10:39:05'),(411,1,'Airtime Regular load',NULL,415.00,'MYLOAD415','R415',NULL,'2018-03-08 10:39:05','2018-03-08 10:39:05'),(412,1,'Airtime Regular load',NULL,416.00,'MYLOAD416','R416',NULL,'2018-03-08 10:39:05','2018-03-08 10:39:05'),(413,1,'Airtime Regular load',NULL,417.00,'MYLOAD417','R417',NULL,'2018-03-08 10:39:05','2018-03-08 10:39:05'),(414,1,'Airtime Regular load',NULL,418.00,'MYLOAD418','R418',NULL,'2018-03-08 10:39:05','2018-03-08 10:39:05'),(415,1,'Airtime Regular load',NULL,419.00,'MYLOAD419','R419',NULL,'2018-03-08 10:39:05','2018-03-08 10:39:05'),(416,1,'Airtime Regular load',NULL,420.00,'MYLOAD420','R420',NULL,'2018-03-08 10:39:05','2018-03-08 10:39:05'),(417,1,'Airtime Regular load',NULL,421.00,'MYLOAD421','R421',NULL,'2018-03-08 10:39:05','2018-03-08 10:39:05'),(418,1,'Airtime Regular load',NULL,422.00,'MYLOAD422','R422',NULL,'2018-03-08 10:39:05','2018-03-08 10:39:05'),(419,1,'Airtime Regular load',NULL,423.00,'MYLOAD423','R423',NULL,'2018-03-08 10:39:05','2018-03-08 10:39:05'),(420,1,'Airtime Regular load',NULL,424.00,'MYLOAD424','R424',NULL,'2018-03-08 10:39:05','2018-03-08 10:39:05'),(421,1,'Airtime Regular load',NULL,425.00,'MYLOAD425','R425',NULL,'2018-03-08 10:39:05','2018-03-08 10:39:05'),(422,1,'Airtime Regular load',NULL,426.00,'MYLOAD426','R426',NULL,'2018-03-08 10:39:05','2018-03-08 10:39:05'),(423,1,'Airtime Regular load',NULL,427.00,'MYLOAD427','R427',NULL,'2018-03-08 10:39:05','2018-03-08 10:39:05'),(424,1,'Airtime Regular load',NULL,428.00,'MYLOAD428','R428',NULL,'2018-03-08 10:39:05','2018-03-08 10:39:05'),(425,1,'Airtime Regular load',NULL,429.00,'MYLOAD429','R429',NULL,'2018-03-08 10:39:05','2018-03-08 10:39:05'),(426,1,'Airtime Regular load',NULL,430.00,'MYLOAD430','R430',NULL,'2018-03-08 10:39:05','2018-03-08 10:39:05'),(427,1,'Airtime Regular load',NULL,431.00,'MYLOAD431','R431',NULL,'2018-03-08 10:39:05','2018-03-08 10:39:05'),(428,1,'Airtime Regular load',NULL,432.00,'MYLOAD432','R432',NULL,'2018-03-08 10:39:05','2018-03-08 10:39:05'),(429,1,'Airtime Regular load',NULL,433.00,'MYLOAD433','R433',NULL,'2018-03-08 10:39:05','2018-03-08 10:39:05'),(430,1,'Airtime Regular load',NULL,434.00,'MYLOAD434','R434',NULL,'2018-03-08 10:39:05','2018-03-08 10:39:05'),(431,1,'Airtime Regular load',NULL,435.00,'MYLOAD435','R435',NULL,'2018-03-08 10:39:05','2018-03-08 10:39:05'),(432,1,'Airtime Regular load',NULL,436.00,'MYLOAD436','R436',NULL,'2018-03-08 10:39:05','2018-03-08 10:39:05'),(433,1,'Airtime Regular load',NULL,437.00,'MYLOAD437','R437',NULL,'2018-03-08 10:39:05','2018-03-08 10:39:05'),(434,1,'Airtime Regular load',NULL,438.00,'MYLOAD438','R438',NULL,'2018-03-08 10:39:05','2018-03-08 10:39:05'),(435,1,'Airtime Regular load',NULL,439.00,'MYLOAD439','R439',NULL,'2018-03-08 10:39:05','2018-03-08 10:39:05'),(436,1,'Airtime Regular load',NULL,440.00,'MYLOAD440','R440',NULL,'2018-03-08 10:39:05','2018-03-08 10:39:05'),(437,1,'Airtime Regular load',NULL,441.00,'MYLOAD441','R441',NULL,'2018-03-08 10:39:05','2018-03-08 10:39:05'),(438,1,'Airtime Regular load',NULL,442.00,'MYLOAD442','R442',NULL,'2018-03-08 10:39:05','2018-03-08 10:39:05'),(439,1,'Airtime Regular load',NULL,443.00,'MYLOAD443','R443',NULL,'2018-03-08 10:39:05','2018-03-08 10:39:05'),(440,1,'Airtime Regular load',NULL,444.00,'MYLOAD444','R444',NULL,'2018-03-08 10:39:05','2018-03-08 10:39:05'),(441,1,'Airtime Regular load',NULL,445.00,'MYLOAD445','R445',NULL,'2018-03-08 10:39:05','2018-03-08 10:39:05'),(442,1,'Airtime Regular load',NULL,446.00,'MYLOAD446','R446',NULL,'2018-03-08 10:39:05','2018-03-08 10:39:05'),(443,1,'Airtime Regular load',NULL,447.00,'MYLOAD447','R447',NULL,'2018-03-08 10:39:05','2018-03-08 10:39:05'),(444,1,'Airtime Regular load',NULL,448.00,'MYLOAD448','R448',NULL,'2018-03-08 10:39:05','2018-03-08 10:39:05'),(445,1,'Airtime Regular load',NULL,449.00,'MYLOAD449','R449',NULL,'2018-03-08 10:39:05','2018-03-08 10:39:05'),(446,1,'Airtime Regular load',NULL,450.00,'MYLOAD450','R450',NULL,'2018-03-08 10:39:05','2018-03-08 10:39:05'),(447,1,'Airtime Regular load',NULL,451.00,'MYLOAD451','R451',NULL,'2018-03-08 10:39:05','2018-03-08 10:39:05'),(448,1,'Airtime Regular load',NULL,452.00,'MYLOAD452','R452',NULL,'2018-03-08 10:39:05','2018-03-08 10:39:05'),(449,1,'Airtime Regular load',NULL,453.00,'MYLOAD453','R453',NULL,'2018-03-08 10:39:05','2018-03-08 10:39:05'),(450,1,'Airtime Regular load',NULL,454.00,'MYLOAD454','R454',NULL,'2018-03-08 10:39:05','2018-03-08 10:39:05'),(451,1,'Airtime Regular load',NULL,455.00,'MYLOAD455','R455',NULL,'2018-03-08 10:39:05','2018-03-08 10:39:05'),(452,1,'Airtime Regular load',NULL,456.00,'MYLOAD456','R456',NULL,'2018-03-08 10:39:05','2018-03-08 10:39:05'),(453,1,'Airtime Regular load',NULL,457.00,'MYLOAD457','R457',NULL,'2018-03-08 10:39:05','2018-03-08 10:39:05'),(454,1,'Airtime Regular load',NULL,458.00,'MYLOAD458','R458',NULL,'2018-03-08 10:39:05','2018-03-08 10:39:05'),(455,1,'Airtime Regular load',NULL,459.00,'MYLOAD459','R459',NULL,'2018-03-08 10:39:05','2018-03-08 10:39:05'),(456,1,'Airtime Regular load',NULL,460.00,'MYLOAD460','R460',NULL,'2018-03-08 10:39:05','2018-03-08 10:39:05'),(457,1,'Airtime Regular load',NULL,461.00,'MYLOAD461','R461',NULL,'2018-03-08 10:39:05','2018-03-08 10:39:05'),(458,1,'Airtime Regular load',NULL,462.00,'MYLOAD462','R462',NULL,'2018-03-08 10:39:05','2018-03-08 10:39:05'),(459,1,'Airtime Regular load',NULL,463.00,'MYLOAD463','R463',NULL,'2018-03-08 10:39:05','2018-03-08 10:39:05'),(460,1,'Airtime Regular load',NULL,464.00,'MYLOAD464','R464',NULL,'2018-03-08 10:39:05','2018-03-08 10:39:05'),(461,1,'Airtime Regular load',NULL,465.00,'MYLOAD465','R465',NULL,'2018-03-08 10:39:05','2018-03-08 10:39:05'),(462,1,'Airtime Regular load',NULL,466.00,'MYLOAD466','R466',NULL,'2018-03-08 10:39:05','2018-03-08 10:39:05'),(463,1,'Airtime Regular load',NULL,467.00,'MYLOAD467','R467',NULL,'2018-03-08 10:39:05','2018-03-08 10:39:05'),(464,1,'Airtime Regular load',NULL,468.00,'MYLOAD468','R468',NULL,'2018-03-08 10:39:05','2018-03-08 10:39:05'),(465,1,'Airtime Regular load',NULL,469.00,'MYLOAD469','R469',NULL,'2018-03-08 10:39:05','2018-03-08 10:39:05'),(466,1,'Airtime Regular load',NULL,470.00,'MYLOAD470','R470',NULL,'2018-03-08 10:39:05','2018-03-08 10:39:05'),(467,1,'Airtime Regular load',NULL,471.00,'MYLOAD471','R471',NULL,'2018-03-08 10:39:05','2018-03-08 10:39:05'),(468,1,'Airtime Regular load',NULL,472.00,'MYLOAD472','R472',NULL,'2018-03-08 10:39:05','2018-03-08 10:39:05'),(469,1,'Airtime Regular load',NULL,473.00,'MYLOAD473','R473',NULL,'2018-03-08 10:39:05','2018-03-08 10:39:05'),(470,1,'Airtime Regular load',NULL,474.00,'MYLOAD474','R474',NULL,'2018-03-08 10:39:05','2018-03-08 10:39:05'),(471,1,'Airtime Regular load',NULL,475.00,'MYLOAD475','R475',NULL,'2018-03-08 10:39:05','2018-03-08 10:39:05'),(472,1,'Airtime Regular load',NULL,476.00,'MYLOAD476','R476',NULL,'2018-03-08 10:39:05','2018-03-08 10:39:05'),(473,1,'Airtime Regular load',NULL,477.00,'MYLOAD477','R477',NULL,'2018-03-08 10:39:05','2018-03-08 10:39:05'),(474,1,'Airtime Regular load',NULL,478.00,'MYLOAD478','R478',NULL,'2018-03-08 10:39:05','2018-03-08 10:39:05'),(475,1,'Airtime Regular load',NULL,479.00,'MYLOAD479','R479',NULL,'2018-03-08 10:39:05','2018-03-08 10:39:05'),(476,1,'Airtime Regular load',NULL,480.00,'MYLOAD480','R480',NULL,'2018-03-08 10:39:05','2018-03-08 10:39:05'),(477,1,'Airtime Regular load',NULL,481.00,'MYLOAD481','R481',NULL,'2018-03-08 10:39:05','2018-03-08 10:39:05'),(478,1,'Airtime Regular load',NULL,482.00,'MYLOAD482','R482',NULL,'2018-03-08 10:39:05','2018-03-08 10:39:05'),(479,1,'Airtime Regular load',NULL,483.00,'MYLOAD483','R483',NULL,'2018-03-08 10:39:05','2018-03-08 10:39:05'),(480,1,'Airtime Regular load',NULL,484.00,'MYLOAD484','R484',NULL,'2018-03-08 10:39:05','2018-03-08 10:39:05'),(481,1,'Airtime Regular load',NULL,485.00,'MYLOAD485','R485',NULL,'2018-03-08 10:39:05','2018-03-08 10:39:05'),(482,1,'Airtime Regular load',NULL,486.00,'MYLOAD486','R486',NULL,'2018-03-08 10:39:05','2018-03-08 10:39:05'),(483,1,'Airtime Regular load',NULL,487.00,'MYLOAD487','R487',NULL,'2018-03-08 10:39:05','2018-03-08 10:39:05'),(484,1,'Airtime Regular load',NULL,488.00,'MYLOAD488','R488',NULL,'2018-03-08 10:39:05','2018-03-08 10:39:05'),(485,1,'Airtime Regular load',NULL,489.00,'MYLOAD489','R489',NULL,'2018-03-08 10:39:05','2018-03-08 10:39:05'),(486,1,'Airtime Regular load',NULL,490.00,'MYLOAD490','R490',NULL,'2018-03-08 10:39:05','2018-03-08 10:39:05'),(487,1,'Airtime Regular load',NULL,491.00,'MYLOAD491','R491',NULL,'2018-03-08 10:39:05','2018-03-08 10:39:05'),(488,1,'Airtime Regular load',NULL,492.00,'MYLOAD492','R492',NULL,'2018-03-08 10:39:05','2018-03-08 10:39:05'),(489,1,'Airtime Regular load',NULL,493.00,'MYLOAD493','R493',NULL,'2018-03-08 10:39:05','2018-03-08 10:39:05'),(490,1,'Airtime Regular load',NULL,494.00,'MYLOAD494','R494',NULL,'2018-03-08 10:39:05','2018-03-08 10:39:05'),(491,1,'Airtime Regular load',NULL,495.00,'MYLOAD495','R495',NULL,'2018-03-08 10:39:05','2018-03-08 10:39:05'),(492,1,'Airtime Regular load',NULL,496.00,'MYLOAD496','R496',NULL,'2018-03-08 10:39:05','2018-03-08 10:39:05'),(493,1,'Airtime Regular load',NULL,497.00,'MYLOAD497','R497',NULL,'2018-03-08 10:39:05','2018-03-08 10:39:05'),(494,1,'Airtime Regular load',NULL,498.00,'MYLOAD498','R498',NULL,'2018-03-08 10:39:05','2018-03-08 10:39:05'),(495,1,'Airtime Regular load',NULL,499.00,'MYLOAD499','R499',NULL,'2018-03-08 10:39:05','2018-03-08 10:39:05'),(496,1,'Airtime Regular load',NULL,500.00,'MYLOAD500','R500',NULL,'2018-03-08 10:39:05','2018-03-08 10:39:05'),(497,1,'Airtime Regular load',NULL,501.00,'MYLOAD501','R501',NULL,'2018-03-08 10:39:05','2018-03-08 10:39:05'),(498,1,'Airtime Regular load',NULL,502.00,'MYLOAD502','R502',NULL,'2018-03-08 10:39:05','2018-03-08 10:39:05'),(499,1,'Airtime Regular load',NULL,503.00,'MYLOAD503','R503',NULL,'2018-03-08 10:39:05','2018-03-08 10:39:05'),(500,1,'Airtime Regular load',NULL,504.00,'MYLOAD504','R504',NULL,'2018-03-08 10:39:05','2018-03-08 10:39:05'),(501,1,'Airtime Regular load',NULL,505.00,'MYLOAD505','R505',NULL,'2018-03-08 10:39:05','2018-03-08 10:39:05'),(502,1,'Airtime Regular load',NULL,506.00,'MYLOAD506','R506',NULL,'2018-03-08 10:39:05','2018-03-08 10:39:05'),(503,1,'Airtime Regular load',NULL,507.00,'MYLOAD507','R507',NULL,'2018-03-08 10:39:05','2018-03-08 10:39:05'),(504,1,'Airtime Regular load',NULL,508.00,'MYLOAD508','R508',NULL,'2018-03-08 10:39:05','2018-03-08 10:39:05'),(505,1,'Airtime Regular load',NULL,509.00,'MYLOAD509','R509',NULL,'2018-03-08 10:39:05','2018-03-08 10:39:05'),(506,1,'Airtime Regular load',NULL,510.00,'MYLOAD510','R510',NULL,'2018-03-08 10:39:05','2018-03-08 10:39:05'),(507,1,'Airtime Regular load',NULL,511.00,'MYLOAD511','R511',NULL,'2018-03-08 10:39:05','2018-03-08 10:39:05'),(508,1,'Airtime Regular load',NULL,512.00,'MYLOAD512','R512',NULL,'2018-03-08 10:39:05','2018-03-08 10:39:05'),(509,1,'Airtime Regular load',NULL,513.00,'MYLOAD513','R513',NULL,'2018-03-08 10:39:05','2018-03-08 10:39:05'),(510,1,'Airtime Regular load',NULL,514.00,'MYLOAD514','R514',NULL,'2018-03-08 10:39:05','2018-03-08 10:39:05'),(511,1,'Airtime Regular load',NULL,515.00,'MYLOAD515','R515',NULL,'2018-03-08 10:39:05','2018-03-08 10:39:05'),(512,1,'Airtime Regular load',NULL,516.00,'MYLOAD516','R516',NULL,'2018-03-08 10:39:05','2018-03-08 10:39:05'),(513,1,'Airtime Regular load',NULL,517.00,'MYLOAD517','R517',NULL,'2018-03-08 10:39:05','2018-03-08 10:39:05'),(514,1,'Airtime Regular load',NULL,518.00,'MYLOAD518','R518',NULL,'2018-03-08 10:39:05','2018-03-08 10:39:05'),(515,1,'Airtime Regular load',NULL,519.00,'MYLOAD519','R519',NULL,'2018-03-08 10:39:05','2018-03-08 10:39:05'),(516,1,'Airtime Regular load',NULL,520.00,'MYLOAD520','R520',NULL,'2018-03-08 10:39:05','2018-03-08 10:39:05'),(517,1,'Airtime Regular load',NULL,521.00,'MYLOAD521','R521',NULL,'2018-03-08 10:39:05','2018-03-08 10:39:05'),(518,1,'Airtime Regular load',NULL,522.00,'MYLOAD522','R522',NULL,'2018-03-08 10:39:05','2018-03-08 10:39:05'),(519,1,'Airtime Regular load',NULL,523.00,'MYLOAD523','R523',NULL,'2018-03-08 10:39:05','2018-03-08 10:39:05'),(520,1,'Airtime Regular load',NULL,524.00,'MYLOAD524','R524',NULL,'2018-03-08 10:39:05','2018-03-08 10:39:05'),(521,1,'Airtime Regular load',NULL,525.00,'MYLOAD525','R525',NULL,'2018-03-08 10:39:05','2018-03-08 10:39:05'),(522,1,'Airtime Regular load',NULL,526.00,'MYLOAD526','R526',NULL,'2018-03-08 10:39:05','2018-03-08 10:39:05'),(523,1,'Airtime Regular load',NULL,527.00,'MYLOAD527','R527',NULL,'2018-03-08 10:39:05','2018-03-08 10:39:05'),(524,1,'Airtime Regular load',NULL,528.00,'MYLOAD528','R528',NULL,'2018-03-08 10:39:05','2018-03-08 10:39:05'),(525,1,'Airtime Regular load',NULL,529.00,'MYLOAD529','R529',NULL,'2018-03-08 10:39:05','2018-03-08 10:39:05'),(526,1,'Airtime Regular load',NULL,530.00,'MYLOAD530','R530',NULL,'2018-03-08 10:39:05','2018-03-08 10:39:05'),(527,1,'Airtime Regular load',NULL,531.00,'MYLOAD531','R531',NULL,'2018-03-08 10:39:05','2018-03-08 10:39:05'),(528,1,'Airtime Regular load',NULL,532.00,'MYLOAD532','R532',NULL,'2018-03-08 10:39:05','2018-03-08 10:39:05'),(529,1,'Airtime Regular load',NULL,533.00,'MYLOAD533','R533',NULL,'2018-03-08 10:39:05','2018-03-08 10:39:05'),(530,1,'Airtime Regular load',NULL,534.00,'MYLOAD534','R534',NULL,'2018-03-08 10:39:05','2018-03-08 10:39:05'),(531,1,'Airtime Regular load',NULL,535.00,'MYLOAD535','R535',NULL,'2018-03-08 10:39:05','2018-03-08 10:39:05'),(532,1,'Airtime Regular load',NULL,536.00,'MYLOAD536','R536',NULL,'2018-03-08 10:39:05','2018-03-08 10:39:05'),(533,1,'Airtime Regular load',NULL,537.00,'MYLOAD537','R537',NULL,'2018-03-08 10:39:05','2018-03-08 10:39:05'),(534,1,'Airtime Regular load',NULL,538.00,'MYLOAD538','R538',NULL,'2018-03-08 10:39:05','2018-03-08 10:39:05'),(535,1,'Airtime Regular load',NULL,539.00,'MYLOAD539','R539',NULL,'2018-03-08 10:39:05','2018-03-08 10:39:05'),(536,1,'Airtime Regular load',NULL,540.00,'MYLOAD540','R540',NULL,'2018-03-08 10:39:05','2018-03-08 10:39:05'),(537,1,'Airtime Regular load',NULL,541.00,'MYLOAD541','R541',NULL,'2018-03-08 10:39:05','2018-03-08 10:39:05'),(538,1,'Airtime Regular load',NULL,542.00,'MYLOAD542','R542',NULL,'2018-03-08 10:39:05','2018-03-08 10:39:05'),(539,1,'Airtime Regular load',NULL,543.00,'MYLOAD543','R543',NULL,'2018-03-08 10:39:05','2018-03-08 10:39:05'),(540,1,'Airtime Regular load',NULL,544.00,'MYLOAD544','R544',NULL,'2018-03-08 10:39:05','2018-03-08 10:39:05'),(541,1,'Airtime Regular load',NULL,545.00,'MYLOAD545','R545',NULL,'2018-03-08 10:39:05','2018-03-08 10:39:05'),(542,1,'Airtime Regular load',NULL,546.00,'MYLOAD546','R546',NULL,'2018-03-08 10:39:05','2018-03-08 10:39:05'),(543,1,'Airtime Regular load',NULL,547.00,'MYLOAD547','R547',NULL,'2018-03-08 10:39:05','2018-03-08 10:39:05'),(544,1,'Airtime Regular load',NULL,548.00,'MYLOAD548','R548',NULL,'2018-03-08 10:39:05','2018-03-08 10:39:05'),(545,1,'Airtime Regular load',NULL,549.00,'MYLOAD549','R549',NULL,'2018-03-08 10:39:05','2018-03-08 10:39:05'),(546,1,'Airtime Regular load',NULL,550.00,'MYLOAD550','R550',NULL,'2018-03-08 10:39:05','2018-03-08 10:39:05'),(547,1,'Airtime Regular load',NULL,551.00,'MYLOAD551','R551',NULL,'2018-03-08 10:39:05','2018-03-08 10:39:05'),(548,1,'Airtime Regular load',NULL,552.00,'MYLOAD552','R552',NULL,'2018-03-08 10:39:05','2018-03-08 10:39:05'),(549,1,'Airtime Regular load',NULL,553.00,'MYLOAD553','R553',NULL,'2018-03-08 10:39:05','2018-03-08 10:39:05'),(550,1,'Airtime Regular load',NULL,554.00,'MYLOAD554','R554',NULL,'2018-03-08 10:39:05','2018-03-08 10:39:05'),(551,1,'Airtime Regular load',NULL,555.00,'MYLOAD555','R555',NULL,'2018-03-08 10:39:05','2018-03-08 10:39:05'),(552,1,'Airtime Regular load',NULL,556.00,'MYLOAD556','R556',NULL,'2018-03-08 10:39:05','2018-03-08 10:39:05'),(553,1,'Airtime Regular load',NULL,557.00,'MYLOAD557','R557',NULL,'2018-03-08 10:39:05','2018-03-08 10:39:05'),(554,1,'Airtime Regular load',NULL,558.00,'MYLOAD558','R558',NULL,'2018-03-08 10:39:05','2018-03-08 10:39:05'),(555,1,'Airtime Regular load',NULL,559.00,'MYLOAD559','R559',NULL,'2018-03-08 10:39:05','2018-03-08 10:39:05'),(556,1,'Airtime Regular load',NULL,560.00,'MYLOAD560','R560',NULL,'2018-03-08 10:39:05','2018-03-08 10:39:05'),(557,1,'Airtime Regular load',NULL,561.00,'MYLOAD561','R561',NULL,'2018-03-08 10:39:05','2018-03-08 10:39:05'),(558,1,'Airtime Regular load',NULL,562.00,'MYLOAD562','R562',NULL,'2018-03-08 10:39:05','2018-03-08 10:39:05'),(559,1,'Airtime Regular load',NULL,563.00,'MYLOAD563','R563',NULL,'2018-03-08 10:39:05','2018-03-08 10:39:05'),(560,1,'Airtime Regular load',NULL,564.00,'MYLOAD564','R564',NULL,'2018-03-08 10:39:05','2018-03-08 10:39:05'),(561,1,'Airtime Regular load',NULL,565.00,'MYLOAD565','R565',NULL,'2018-03-08 10:39:05','2018-03-08 10:39:05'),(562,1,'Airtime Regular load',NULL,566.00,'MYLOAD566','R566',NULL,'2018-03-08 10:39:05','2018-03-08 10:39:05'),(563,1,'Airtime Regular load',NULL,567.00,'MYLOAD567','R567',NULL,'2018-03-08 10:39:05','2018-03-08 10:39:05'),(564,1,'Airtime Regular load',NULL,568.00,'MYLOAD568','R568',NULL,'2018-03-08 10:39:05','2018-03-08 10:39:05'),(565,1,'Airtime Regular load',NULL,569.00,'MYLOAD569','R569',NULL,'2018-03-08 10:39:05','2018-03-08 10:39:05'),(566,1,'Airtime Regular load',NULL,570.00,'MYLOAD570','R570',NULL,'2018-03-08 10:39:05','2018-03-08 10:39:05'),(567,1,'Airtime Regular load',NULL,571.00,'MYLOAD571','R571',NULL,'2018-03-08 10:39:05','2018-03-08 10:39:05'),(568,1,'Airtime Regular load',NULL,572.00,'MYLOAD572','R572',NULL,'2018-03-08 10:39:05','2018-03-08 10:39:05'),(569,1,'Airtime Regular load',NULL,573.00,'MYLOAD573','R573',NULL,'2018-03-08 10:39:05','2018-03-08 10:39:05'),(570,1,'Airtime Regular load',NULL,574.00,'MYLOAD574','R574',NULL,'2018-03-08 10:39:05','2018-03-08 10:39:05'),(571,1,'Airtime Regular load',NULL,575.00,'MYLOAD575','R575',NULL,'2018-03-08 10:39:05','2018-03-08 10:39:05'),(572,1,'Airtime Regular load',NULL,576.00,'MYLOAD576','R576',NULL,'2018-03-08 10:39:05','2018-03-08 10:39:05'),(573,1,'Airtime Regular load',NULL,577.00,'MYLOAD577','R577',NULL,'2018-03-08 10:39:05','2018-03-08 10:39:05'),(574,1,'Airtime Regular load',NULL,578.00,'MYLOAD578','R578',NULL,'2018-03-08 10:39:05','2018-03-08 10:39:05'),(575,1,'Airtime Regular load',NULL,579.00,'MYLOAD579','R579',NULL,'2018-03-08 10:39:05','2018-03-08 10:39:05'),(576,1,'Airtime Regular load',NULL,580.00,'MYLOAD580','R580',NULL,'2018-03-08 10:39:05','2018-03-08 10:39:05'),(577,1,'Airtime Regular load',NULL,581.00,'MYLOAD581','R581',NULL,'2018-03-08 10:39:05','2018-03-08 10:39:05'),(578,1,'Airtime Regular load',NULL,582.00,'MYLOAD582','R582',NULL,'2018-03-08 10:39:05','2018-03-08 10:39:05'),(579,1,'Airtime Regular load',NULL,583.00,'MYLOAD583','R583',NULL,'2018-03-08 10:39:05','2018-03-08 10:39:05'),(580,1,'Airtime Regular load',NULL,584.00,'MYLOAD584','R584',NULL,'2018-03-08 10:39:05','2018-03-08 10:39:05'),(581,1,'Airtime Regular load',NULL,585.00,'MYLOAD585','R585',NULL,'2018-03-08 10:39:05','2018-03-08 10:39:05'),(582,1,'Airtime Regular load',NULL,586.00,'MYLOAD586','R586',NULL,'2018-03-08 10:39:05','2018-03-08 10:39:05'),(583,1,'Airtime Regular load',NULL,587.00,'MYLOAD587','R587',NULL,'2018-03-08 10:39:05','2018-03-08 10:39:05'),(584,1,'Airtime Regular load',NULL,588.00,'MYLOAD588','R588',NULL,'2018-03-08 10:39:05','2018-03-08 10:39:05'),(585,1,'Airtime Regular load',NULL,589.00,'MYLOAD589','R589',NULL,'2018-03-08 10:39:05','2018-03-08 10:39:05'),(586,1,'Airtime Regular load',NULL,590.00,'MYLOAD590','R590',NULL,'2018-03-08 10:39:05','2018-03-08 10:39:05'),(587,1,'Airtime Regular load',NULL,591.00,'MYLOAD591','R591',NULL,'2018-03-08 10:39:05','2018-03-08 10:39:05'),(588,1,'Airtime Regular load',NULL,592.00,'MYLOAD592','R592',NULL,'2018-03-08 10:39:05','2018-03-08 10:39:05'),(589,1,'Airtime Regular load',NULL,593.00,'MYLOAD593','R593',NULL,'2018-03-08 10:39:05','2018-03-08 10:39:05'),(590,1,'Airtime Regular load',NULL,594.00,'MYLOAD594','R594',NULL,'2018-03-08 10:39:05','2018-03-08 10:39:05'),(591,1,'Airtime Regular load',NULL,595.00,'MYLOAD595','R595',NULL,'2018-03-08 10:39:05','2018-03-08 10:39:05'),(592,1,'Airtime Regular load',NULL,596.00,'MYLOAD596','R596',NULL,'2018-03-08 10:39:05','2018-03-08 10:39:05'),(593,1,'Airtime Regular load',NULL,597.00,'MYLOAD597','R597',NULL,'2018-03-08 10:39:05','2018-03-08 10:39:05'),(594,1,'Airtime Regular load',NULL,598.00,'MYLOAD598','R598',NULL,'2018-03-08 10:39:05','2018-03-08 10:39:05'),(595,1,'Airtime Regular load',NULL,599.00,'MYLOAD599','R599',NULL,'2018-03-08 10:39:05','2018-03-08 10:39:05'),(596,1,'Airtime Regular load',NULL,600.00,'MYLOAD600','R600',NULL,'2018-03-08 10:39:05','2018-03-08 10:39:05'),(597,1,'Airtime Regular load',NULL,601.00,'MYLOAD601','R601',NULL,'2018-03-08 10:39:05','2018-03-08 10:39:05'),(598,1,'Airtime Regular load',NULL,602.00,'MYLOAD602','R602',NULL,'2018-03-08 10:39:05','2018-03-08 10:39:05'),(599,1,'Airtime Regular load',NULL,603.00,'MYLOAD603','R603',NULL,'2018-03-08 10:39:05','2018-03-08 10:39:05'),(600,1,'Airtime Regular load',NULL,604.00,'MYLOAD604','R604',NULL,'2018-03-08 10:39:05','2018-03-08 10:39:05'),(601,1,'Airtime Regular load',NULL,605.00,'MYLOAD605','R605',NULL,'2018-03-08 10:39:05','2018-03-08 10:39:05'),(602,1,'Airtime Regular load',NULL,606.00,'MYLOAD606','R606',NULL,'2018-03-08 10:39:05','2018-03-08 10:39:05'),(603,1,'Airtime Regular load',NULL,607.00,'MYLOAD607','R607',NULL,'2018-03-08 10:39:05','2018-03-08 10:39:05'),(604,1,'Airtime Regular load',NULL,608.00,'MYLOAD608','R608',NULL,'2018-03-08 10:39:05','2018-03-08 10:39:05'),(605,1,'Airtime Regular load',NULL,609.00,'MYLOAD609','R609',NULL,'2018-03-08 10:39:05','2018-03-08 10:39:05'),(606,1,'Airtime Regular load',NULL,610.00,'MYLOAD610','R610',NULL,'2018-03-08 10:39:05','2018-03-08 10:39:05'),(607,1,'Airtime Regular load',NULL,611.00,'MYLOAD611','R611',NULL,'2018-03-08 10:39:05','2018-03-08 10:39:05'),(608,1,'Airtime Regular load',NULL,612.00,'MYLOAD612','R612',NULL,'2018-03-08 10:39:05','2018-03-08 10:39:05'),(609,1,'Airtime Regular load',NULL,613.00,'MYLOAD613','R613',NULL,'2018-03-08 10:39:05','2018-03-08 10:39:05'),(610,1,'Airtime Regular load',NULL,614.00,'MYLOAD614','R614',NULL,'2018-03-08 10:39:05','2018-03-08 10:39:05'),(611,1,'Airtime Regular load',NULL,615.00,'MYLOAD615','R615',NULL,'2018-03-08 10:39:05','2018-03-08 10:39:05'),(612,1,'Airtime Regular load',NULL,616.00,'MYLOAD616','R616',NULL,'2018-03-08 10:39:05','2018-03-08 10:39:05'),(613,1,'Airtime Regular load',NULL,617.00,'MYLOAD617','R617',NULL,'2018-03-08 10:39:05','2018-03-08 10:39:05'),(614,1,'Airtime Regular load',NULL,618.00,'MYLOAD618','R618',NULL,'2018-03-08 10:39:05','2018-03-08 10:39:05'),(615,1,'Airtime Regular load',NULL,619.00,'MYLOAD619','R619',NULL,'2018-03-08 10:39:05','2018-03-08 10:39:05'),(616,1,'Airtime Regular load',NULL,620.00,'MYLOAD620','R620',NULL,'2018-03-08 10:39:05','2018-03-08 10:39:05'),(617,1,'Airtime Regular load',NULL,621.00,'MYLOAD621','R621',NULL,'2018-03-08 10:39:05','2018-03-08 10:39:05'),(618,1,'Airtime Regular load',NULL,622.00,'MYLOAD622','R622',NULL,'2018-03-08 10:39:05','2018-03-08 10:39:05'),(619,1,'Airtime Regular load',NULL,623.00,'MYLOAD623','R623',NULL,'2018-03-08 10:39:05','2018-03-08 10:39:05'),(620,1,'Airtime Regular load',NULL,624.00,'MYLOAD624','R624',NULL,'2018-03-08 10:39:05','2018-03-08 10:39:05'),(621,1,'Airtime Regular load',NULL,625.00,'MYLOAD625','R625',NULL,'2018-03-08 10:39:05','2018-03-08 10:39:05'),(622,1,'Airtime Regular load',NULL,626.00,'MYLOAD626','R626',NULL,'2018-03-08 10:39:05','2018-03-08 10:39:05'),(623,1,'Airtime Regular load',NULL,627.00,'MYLOAD627','R627',NULL,'2018-03-08 10:39:05','2018-03-08 10:39:05'),(624,1,'Airtime Regular load',NULL,628.00,'MYLOAD628','R628',NULL,'2018-03-08 10:39:05','2018-03-08 10:39:05'),(625,1,'Airtime Regular load',NULL,629.00,'MYLOAD629','R629',NULL,'2018-03-08 10:39:05','2018-03-08 10:39:05'),(626,1,'Airtime Regular load',NULL,630.00,'MYLOAD630','R630',NULL,'2018-03-08 10:39:05','2018-03-08 10:39:05'),(627,1,'Airtime Regular load',NULL,631.00,'MYLOAD631','R631',NULL,'2018-03-08 10:39:05','2018-03-08 10:39:05'),(628,1,'Airtime Regular load',NULL,632.00,'MYLOAD632','R632',NULL,'2018-03-08 10:39:05','2018-03-08 10:39:05'),(629,1,'Airtime Regular load',NULL,633.00,'MYLOAD633','R633',NULL,'2018-03-08 10:39:05','2018-03-08 10:39:05'),(630,1,'Airtime Regular load',NULL,634.00,'MYLOAD634','R634',NULL,'2018-03-08 10:39:05','2018-03-08 10:39:05'),(631,1,'Airtime Regular load',NULL,635.00,'MYLOAD635','R635',NULL,'2018-03-08 10:39:05','2018-03-08 10:39:05'),(632,1,'Airtime Regular load',NULL,636.00,'MYLOAD636','R636',NULL,'2018-03-08 10:39:05','2018-03-08 10:39:05'),(633,1,'Airtime Regular load',NULL,637.00,'MYLOAD637','R637',NULL,'2018-03-08 10:39:05','2018-03-08 10:39:05'),(634,1,'Airtime Regular load',NULL,638.00,'MYLOAD638','R638',NULL,'2018-03-08 10:39:05','2018-03-08 10:39:05'),(635,1,'Airtime Regular load',NULL,639.00,'MYLOAD639','R639',NULL,'2018-03-08 10:39:05','2018-03-08 10:39:05'),(636,1,'Airtime Regular load',NULL,640.00,'MYLOAD640','R640',NULL,'2018-03-08 10:39:05','2018-03-08 10:39:05'),(637,1,'Airtime Regular load',NULL,641.00,'MYLOAD641','R641',NULL,'2018-03-08 10:39:05','2018-03-08 10:39:05'),(638,1,'Airtime Regular load',NULL,642.00,'MYLOAD642','R642',NULL,'2018-03-08 10:39:05','2018-03-08 10:39:05'),(639,1,'Airtime Regular load',NULL,643.00,'MYLOAD643','R643',NULL,'2018-03-08 10:39:05','2018-03-08 10:39:05'),(640,1,'Airtime Regular load',NULL,644.00,'MYLOAD644','R644',NULL,'2018-03-08 10:39:05','2018-03-08 10:39:05'),(641,1,'Airtime Regular load',NULL,645.00,'MYLOAD645','R645',NULL,'2018-03-08 10:39:05','2018-03-08 10:39:05'),(642,1,'Airtime Regular load',NULL,646.00,'MYLOAD646','R646',NULL,'2018-03-08 10:39:05','2018-03-08 10:39:05'),(643,1,'Airtime Regular load',NULL,647.00,'MYLOAD647','R647',NULL,'2018-03-08 10:39:05','2018-03-08 10:39:05'),(644,1,'Airtime Regular load',NULL,648.00,'MYLOAD648','R648',NULL,'2018-03-08 10:39:05','2018-03-08 10:39:05'),(645,1,'Airtime Regular load',NULL,649.00,'MYLOAD649','R649',NULL,'2018-03-08 10:39:05','2018-03-08 10:39:05'),(646,1,'Airtime Regular load',NULL,650.00,'MYLOAD650','R650',NULL,'2018-03-08 10:39:05','2018-03-08 10:39:05'),(647,1,'Airtime Regular load',NULL,651.00,'MYLOAD651','R651',NULL,'2018-03-08 10:39:05','2018-03-08 10:39:05'),(648,1,'Airtime Regular load',NULL,652.00,'MYLOAD652','R652',NULL,'2018-03-08 10:39:05','2018-03-08 10:39:05'),(649,1,'Airtime Regular load',NULL,653.00,'MYLOAD653','R653',NULL,'2018-03-08 10:39:05','2018-03-08 10:39:05'),(650,1,'Airtime Regular load',NULL,654.00,'MYLOAD654','R654',NULL,'2018-03-08 10:39:05','2018-03-08 10:39:05'),(651,1,'Airtime Regular load',NULL,655.00,'MYLOAD655','R655',NULL,'2018-03-08 10:39:05','2018-03-08 10:39:05'),(652,1,'Airtime Regular load',NULL,656.00,'MYLOAD656','R656',NULL,'2018-03-08 10:39:05','2018-03-08 10:39:05'),(653,1,'Airtime Regular load',NULL,657.00,'MYLOAD657','R657',NULL,'2018-03-08 10:39:05','2018-03-08 10:39:05'),(654,1,'Airtime Regular load',NULL,658.00,'MYLOAD658','R658',NULL,'2018-03-08 10:39:05','2018-03-08 10:39:05'),(655,1,'Airtime Regular load',NULL,659.00,'MYLOAD659','R659',NULL,'2018-03-08 10:39:05','2018-03-08 10:39:05'),(656,1,'Airtime Regular load',NULL,660.00,'MYLOAD660','R660',NULL,'2018-03-08 10:39:05','2018-03-08 10:39:05'),(657,1,'Airtime Regular load',NULL,661.00,'MYLOAD661','R661',NULL,'2018-03-08 10:39:05','2018-03-08 10:39:05'),(658,1,'Airtime Regular load',NULL,662.00,'MYLOAD662','R662',NULL,'2018-03-08 10:39:05','2018-03-08 10:39:05'),(659,1,'Airtime Regular load',NULL,663.00,'MYLOAD663','R663',NULL,'2018-03-08 10:39:05','2018-03-08 10:39:05'),(660,1,'Airtime Regular load',NULL,664.00,'MYLOAD664','R664',NULL,'2018-03-08 10:39:06','2018-03-08 10:39:06'),(661,1,'Airtime Regular load',NULL,665.00,'MYLOAD665','R665',NULL,'2018-03-08 10:39:06','2018-03-08 10:39:06'),(662,1,'Airtime Regular load',NULL,666.00,'MYLOAD666','R666',NULL,'2018-03-08 10:39:06','2018-03-08 10:39:06'),(663,1,'Airtime Regular load',NULL,667.00,'MYLOAD667','R667',NULL,'2018-03-08 10:39:06','2018-03-08 10:39:06'),(664,1,'Airtime Regular load',NULL,668.00,'MYLOAD668','R668',NULL,'2018-03-08 10:39:06','2018-03-08 10:39:06'),(665,1,'Airtime Regular load',NULL,669.00,'MYLOAD669','R669',NULL,'2018-03-08 10:39:06','2018-03-08 10:39:06'),(666,1,'Airtime Regular load',NULL,670.00,'MYLOAD670','R670',NULL,'2018-03-08 10:39:06','2018-03-08 10:39:06'),(667,1,'Airtime Regular load',NULL,671.00,'MYLOAD671','R671',NULL,'2018-03-08 10:39:06','2018-03-08 10:39:06'),(668,1,'Airtime Regular load',NULL,672.00,'MYLOAD672','R672',NULL,'2018-03-08 10:39:06','2018-03-08 10:39:06'),(669,1,'Airtime Regular load',NULL,673.00,'MYLOAD673','R673',NULL,'2018-03-08 10:39:06','2018-03-08 10:39:06'),(670,1,'Airtime Regular load',NULL,674.00,'MYLOAD674','R674',NULL,'2018-03-08 10:39:06','2018-03-08 10:39:06'),(671,1,'Airtime Regular load',NULL,675.00,'MYLOAD675','R675',NULL,'2018-03-08 10:39:06','2018-03-08 10:39:06'),(672,1,'Airtime Regular load',NULL,676.00,'MYLOAD676','R676',NULL,'2018-03-08 10:39:06','2018-03-08 10:39:06'),(673,1,'Airtime Regular load',NULL,677.00,'MYLOAD677','R677',NULL,'2018-03-08 10:39:06','2018-03-08 10:39:06'),(674,1,'Airtime Regular load',NULL,678.00,'MYLOAD678','R678',NULL,'2018-03-08 10:39:06','2018-03-08 10:39:06'),(675,1,'Airtime Regular load',NULL,679.00,'MYLOAD679','R679',NULL,'2018-03-08 10:39:06','2018-03-08 10:39:06'),(676,1,'Airtime Regular load',NULL,680.00,'MYLOAD680','R680',NULL,'2018-03-08 10:39:06','2018-03-08 10:39:06'),(677,1,'Airtime Regular load',NULL,681.00,'MYLOAD681','R681',NULL,'2018-03-08 10:39:06','2018-03-08 10:39:06'),(678,1,'Airtime Regular load',NULL,682.00,'MYLOAD682','R682',NULL,'2018-03-08 10:39:06','2018-03-08 10:39:06'),(679,1,'Airtime Regular load',NULL,683.00,'MYLOAD683','R683',NULL,'2018-03-08 10:39:06','2018-03-08 10:39:06'),(680,1,'Airtime Regular load',NULL,684.00,'MYLOAD684','R684',NULL,'2018-03-08 10:39:06','2018-03-08 10:39:06'),(681,1,'Airtime Regular load',NULL,685.00,'MYLOAD685','R685',NULL,'2018-03-08 10:39:06','2018-03-08 10:39:06'),(682,1,'Airtime Regular load',NULL,686.00,'MYLOAD686','R686',NULL,'2018-03-08 10:39:06','2018-03-08 10:39:06'),(683,1,'Airtime Regular load',NULL,687.00,'MYLOAD687','R687',NULL,'2018-03-08 10:39:06','2018-03-08 10:39:06'),(684,1,'Airtime Regular load',NULL,688.00,'MYLOAD688','R688',NULL,'2018-03-08 10:39:06','2018-03-08 10:39:06'),(685,1,'Airtime Regular load',NULL,689.00,'MYLOAD689','R689',NULL,'2018-03-08 10:39:06','2018-03-08 10:39:06'),(686,1,'Airtime Regular load',NULL,690.00,'MYLOAD690','R690',NULL,'2018-03-08 10:39:06','2018-03-08 10:39:06'),(687,1,'Airtime Regular load',NULL,691.00,'MYLOAD691','R691',NULL,'2018-03-08 10:39:06','2018-03-08 10:39:06'),(688,1,'Airtime Regular load',NULL,692.00,'MYLOAD692','R692',NULL,'2018-03-08 10:39:06','2018-03-08 10:39:06'),(689,1,'Airtime Regular load',NULL,693.00,'MYLOAD693','R693',NULL,'2018-03-08 10:39:06','2018-03-08 10:39:06'),(690,1,'Airtime Regular load',NULL,694.00,'MYLOAD694','R694',NULL,'2018-03-08 10:39:06','2018-03-08 10:39:06'),(691,1,'Airtime Regular load',NULL,695.00,'MYLOAD695','R695',NULL,'2018-03-08 10:39:06','2018-03-08 10:39:06'),(692,1,'Airtime Regular load',NULL,696.00,'MYLOAD696','R696',NULL,'2018-03-08 10:39:06','2018-03-08 10:39:06'),(693,1,'Airtime Regular load',NULL,697.00,'MYLOAD697','R697',NULL,'2018-03-08 10:39:06','2018-03-08 10:39:06'),(694,1,'Airtime Regular load',NULL,698.00,'MYLOAD698','R698',NULL,'2018-03-08 10:39:06','2018-03-08 10:39:06'),(695,1,'Airtime Regular load',NULL,699.00,'MYLOAD699','R699',NULL,'2018-03-08 10:39:06','2018-03-08 10:39:06'),(696,1,'Airtime Regular load',NULL,700.00,'MYLOAD700','R700',NULL,'2018-03-08 10:39:06','2018-03-08 10:39:06'),(697,1,'Airtime Regular load',NULL,701.00,'MYLOAD701','R701',NULL,'2018-03-08 10:39:06','2018-03-08 10:39:06'),(698,1,'Airtime Regular load',NULL,702.00,'MYLOAD702','R702',NULL,'2018-03-08 10:39:06','2018-03-08 10:39:06'),(699,1,'Airtime Regular load',NULL,703.00,'MYLOAD703','R703',NULL,'2018-03-08 10:39:06','2018-03-08 10:39:06'),(700,1,'Airtime Regular load',NULL,704.00,'MYLOAD704','R704',NULL,'2018-03-08 10:39:06','2018-03-08 10:39:06'),(701,1,'Airtime Regular load',NULL,705.00,'MYLOAD705','R705',NULL,'2018-03-08 10:39:06','2018-03-08 10:39:06'),(702,1,'Airtime Regular load',NULL,706.00,'MYLOAD706','R706',NULL,'2018-03-08 10:39:06','2018-03-08 10:39:06'),(703,1,'Airtime Regular load',NULL,707.00,'MYLOAD707','R707',NULL,'2018-03-08 10:39:06','2018-03-08 10:39:06'),(704,1,'Airtime Regular load',NULL,708.00,'MYLOAD708','R708',NULL,'2018-03-08 10:39:06','2018-03-08 10:39:06'),(705,1,'Airtime Regular load',NULL,709.00,'MYLOAD709','R709',NULL,'2018-03-08 10:39:06','2018-03-08 10:39:06'),(706,1,'Airtime Regular load',NULL,710.00,'MYLOAD710','R710',NULL,'2018-03-08 10:39:06','2018-03-08 10:39:06'),(707,1,'Airtime Regular load',NULL,711.00,'MYLOAD711','R711',NULL,'2018-03-08 10:39:06','2018-03-08 10:39:06'),(708,1,'Airtime Regular load',NULL,712.00,'MYLOAD712','R712',NULL,'2018-03-08 10:39:06','2018-03-08 10:39:06'),(709,1,'Airtime Regular load',NULL,713.00,'MYLOAD713','R713',NULL,'2018-03-08 10:39:06','2018-03-08 10:39:06'),(710,1,'Airtime Regular load',NULL,714.00,'MYLOAD714','R714',NULL,'2018-03-08 10:39:06','2018-03-08 10:39:06'),(711,1,'Airtime Regular load',NULL,715.00,'MYLOAD715','R715',NULL,'2018-03-08 10:39:06','2018-03-08 10:39:06'),(712,1,'Airtime Regular load',NULL,716.00,'MYLOAD716','R716',NULL,'2018-03-08 10:39:06','2018-03-08 10:39:06'),(713,1,'Airtime Regular load',NULL,717.00,'MYLOAD717','R717',NULL,'2018-03-08 10:39:06','2018-03-08 10:39:06'),(714,1,'Airtime Regular load',NULL,718.00,'MYLOAD718','R718',NULL,'2018-03-08 10:39:06','2018-03-08 10:39:06'),(715,1,'Airtime Regular load',NULL,719.00,'MYLOAD719','R719',NULL,'2018-03-08 10:39:06','2018-03-08 10:39:06'),(716,1,'Airtime Regular load',NULL,720.00,'MYLOAD720','R720',NULL,'2018-03-08 10:39:06','2018-03-08 10:39:06'),(717,1,'Airtime Regular load',NULL,721.00,'MYLOAD721','R721',NULL,'2018-03-08 10:39:06','2018-03-08 10:39:06'),(718,1,'Airtime Regular load',NULL,722.00,'MYLOAD722','R722',NULL,'2018-03-08 10:39:06','2018-03-08 10:39:06'),(719,1,'Airtime Regular load',NULL,723.00,'MYLOAD723','R723',NULL,'2018-03-08 10:39:06','2018-03-08 10:39:06'),(720,1,'Airtime Regular load',NULL,724.00,'MYLOAD724','R724',NULL,'2018-03-08 10:39:06','2018-03-08 10:39:06'),(721,1,'Airtime Regular load',NULL,725.00,'MYLOAD725','R725',NULL,'2018-03-08 10:39:06','2018-03-08 10:39:06'),(722,1,'Airtime Regular load',NULL,726.00,'MYLOAD726','R726',NULL,'2018-03-08 10:39:06','2018-03-08 10:39:06'),(723,1,'Airtime Regular load',NULL,727.00,'MYLOAD727','R727',NULL,'2018-03-08 10:39:06','2018-03-08 10:39:06'),(724,1,'Airtime Regular load',NULL,728.00,'MYLOAD728','R728',NULL,'2018-03-08 10:39:06','2018-03-08 10:39:06'),(725,1,'Airtime Regular load',NULL,729.00,'MYLOAD729','R729',NULL,'2018-03-08 10:39:06','2018-03-08 10:39:06'),(726,1,'Airtime Regular load',NULL,730.00,'MYLOAD730','R730',NULL,'2018-03-08 10:39:06','2018-03-08 10:39:06'),(727,1,'Airtime Regular load',NULL,731.00,'MYLOAD731','R731',NULL,'2018-03-08 10:39:06','2018-03-08 10:39:06'),(728,1,'Airtime Regular load',NULL,732.00,'MYLOAD732','R732',NULL,'2018-03-08 10:39:06','2018-03-08 10:39:06'),(729,1,'Airtime Regular load',NULL,733.00,'MYLOAD733','R733',NULL,'2018-03-08 10:39:06','2018-03-08 10:39:06'),(730,1,'Airtime Regular load',NULL,734.00,'MYLOAD734','R734',NULL,'2018-03-08 10:39:06','2018-03-08 10:39:06'),(731,1,'Airtime Regular load',NULL,735.00,'MYLOAD735','R735',NULL,'2018-03-08 10:39:06','2018-03-08 10:39:06'),(732,1,'Airtime Regular load',NULL,736.00,'MYLOAD736','R736',NULL,'2018-03-08 10:39:06','2018-03-08 10:39:06'),(733,1,'Airtime Regular load',NULL,737.00,'MYLOAD737','R737',NULL,'2018-03-08 10:39:06','2018-03-08 10:39:06'),(734,1,'Airtime Regular load',NULL,738.00,'MYLOAD738','R738',NULL,'2018-03-08 10:39:06','2018-03-08 10:39:06'),(735,1,'Airtime Regular load',NULL,739.00,'MYLOAD739','R739',NULL,'2018-03-08 10:39:06','2018-03-08 10:39:06'),(736,1,'Airtime Regular load',NULL,740.00,'MYLOAD740','R740',NULL,'2018-03-08 10:39:06','2018-03-08 10:39:06'),(737,1,'Airtime Regular load',NULL,741.00,'MYLOAD741','R741',NULL,'2018-03-08 10:39:06','2018-03-08 10:39:06'),(738,1,'Airtime Regular load',NULL,742.00,'MYLOAD742','R742',NULL,'2018-03-08 10:39:06','2018-03-08 10:39:06'),(739,1,'Airtime Regular load',NULL,743.00,'MYLOAD743','R743',NULL,'2018-03-08 10:39:06','2018-03-08 10:39:06'),(740,1,'Airtime Regular load',NULL,744.00,'MYLOAD744','R744',NULL,'2018-03-08 10:39:06','2018-03-08 10:39:06'),(741,1,'Airtime Regular load',NULL,745.00,'MYLOAD745','R745',NULL,'2018-03-08 10:39:06','2018-03-08 10:39:06'),(742,1,'Airtime Regular load',NULL,746.00,'MYLOAD746','R746',NULL,'2018-03-08 10:39:06','2018-03-08 10:39:06'),(743,1,'Airtime Regular load',NULL,747.00,'MYLOAD747','R747',NULL,'2018-03-08 10:39:06','2018-03-08 10:39:06'),(744,1,'Airtime Regular load',NULL,748.00,'MYLOAD748','R748',NULL,'2018-03-08 10:39:06','2018-03-08 10:39:06'),(745,1,'Airtime Regular load',NULL,749.00,'MYLOAD749','R749',NULL,'2018-03-08 10:39:06','2018-03-08 10:39:06'),(746,1,'Airtime Regular load',NULL,750.00,'MYLOAD750','R750',NULL,'2018-03-08 10:39:06','2018-03-08 10:39:06'),(747,1,'Airtime Regular load',NULL,751.00,'MYLOAD751','R751',NULL,'2018-03-08 10:39:06','2018-03-08 10:39:06'),(748,1,'Airtime Regular load',NULL,752.00,'MYLOAD752','R752',NULL,'2018-03-08 10:39:06','2018-03-08 10:39:06'),(749,1,'Airtime Regular load',NULL,753.00,'MYLOAD753','R753',NULL,'2018-03-08 10:39:06','2018-03-08 10:39:06'),(750,1,'Airtime Regular load',NULL,754.00,'MYLOAD754','R754',NULL,'2018-03-08 10:39:06','2018-03-08 10:39:06'),(751,1,'Airtime Regular load',NULL,755.00,'MYLOAD755','R755',NULL,'2018-03-08 10:39:06','2018-03-08 10:39:06'),(752,1,'Airtime Regular load',NULL,756.00,'MYLOAD756','R756',NULL,'2018-03-08 10:39:06','2018-03-08 10:39:06'),(753,1,'Airtime Regular load',NULL,757.00,'MYLOAD757','R757',NULL,'2018-03-08 10:39:06','2018-03-08 10:39:06'),(754,1,'Airtime Regular load',NULL,758.00,'MYLOAD758','R758',NULL,'2018-03-08 10:39:06','2018-03-08 10:39:06'),(755,1,'Airtime Regular load',NULL,759.00,'MYLOAD759','R759',NULL,'2018-03-08 10:39:06','2018-03-08 10:39:06'),(756,1,'Airtime Regular load',NULL,760.00,'MYLOAD760','R760',NULL,'2018-03-08 10:39:06','2018-03-08 10:39:06'),(757,1,'Airtime Regular load',NULL,761.00,'MYLOAD761','R761',NULL,'2018-03-08 10:39:06','2018-03-08 10:39:06'),(758,1,'Airtime Regular load',NULL,762.00,'MYLOAD762','R762',NULL,'2018-03-08 10:39:06','2018-03-08 10:39:06'),(759,1,'Airtime Regular load',NULL,763.00,'MYLOAD763','R763',NULL,'2018-03-08 10:39:06','2018-03-08 10:39:06'),(760,1,'Airtime Regular load',NULL,764.00,'MYLOAD764','R764',NULL,'2018-03-08 10:39:06','2018-03-08 10:39:06'),(761,1,'Airtime Regular load',NULL,765.00,'MYLOAD765','R765',NULL,'2018-03-08 10:39:06','2018-03-08 10:39:06'),(762,1,'Airtime Regular load',NULL,766.00,'MYLOAD766','R766',NULL,'2018-03-08 10:39:06','2018-03-08 10:39:06'),(763,1,'Airtime Regular load',NULL,767.00,'MYLOAD767','R767',NULL,'2018-03-08 10:39:06','2018-03-08 10:39:06'),(764,1,'Airtime Regular load',NULL,768.00,'MYLOAD768','R768',NULL,'2018-03-08 10:39:06','2018-03-08 10:39:06'),(765,1,'Airtime Regular load',NULL,769.00,'MYLOAD769','R769',NULL,'2018-03-08 10:39:06','2018-03-08 10:39:06'),(766,1,'Airtime Regular load',NULL,770.00,'MYLOAD770','R770',NULL,'2018-03-08 10:39:06','2018-03-08 10:39:06'),(767,1,'Airtime Regular load',NULL,771.00,'MYLOAD771','R771',NULL,'2018-03-08 10:39:06','2018-03-08 10:39:06'),(768,1,'Airtime Regular load',NULL,772.00,'MYLOAD772','R772',NULL,'2018-03-08 10:39:06','2018-03-08 10:39:06'),(769,1,'Airtime Regular load',NULL,773.00,'MYLOAD773','R773',NULL,'2018-03-08 10:39:06','2018-03-08 10:39:06'),(770,1,'Airtime Regular load',NULL,774.00,'MYLOAD774','R774',NULL,'2018-03-08 10:39:06','2018-03-08 10:39:06'),(771,1,'Airtime Regular load',NULL,775.00,'MYLOAD775','R775',NULL,'2018-03-08 10:39:06','2018-03-08 10:39:06'),(772,1,'Airtime Regular load',NULL,776.00,'MYLOAD776','R776',NULL,'2018-03-08 10:39:06','2018-03-08 10:39:06'),(773,1,'Airtime Regular load',NULL,777.00,'MYLOAD777','R777',NULL,'2018-03-08 10:39:06','2018-03-08 10:39:06'),(774,1,'Airtime Regular load',NULL,778.00,'MYLOAD778','R778',NULL,'2018-03-08 10:39:06','2018-03-08 10:39:06'),(775,1,'Airtime Regular load',NULL,779.00,'MYLOAD779','R779',NULL,'2018-03-08 10:39:06','2018-03-08 10:39:06'),(776,1,'Airtime Regular load',NULL,780.00,'MYLOAD780','R780',NULL,'2018-03-08 10:39:06','2018-03-08 10:39:06'),(777,1,'Airtime Regular load',NULL,781.00,'MYLOAD781','R781',NULL,'2018-03-08 10:39:06','2018-03-08 10:39:06'),(778,1,'Airtime Regular load',NULL,782.00,'MYLOAD782','R782',NULL,'2018-03-08 10:39:06','2018-03-08 10:39:06'),(779,1,'Airtime Regular load',NULL,783.00,'MYLOAD783','R783',NULL,'2018-03-08 10:39:06','2018-03-08 10:39:06'),(780,1,'Airtime Regular load',NULL,784.00,'MYLOAD784','R784',NULL,'2018-03-08 10:39:06','2018-03-08 10:39:06'),(781,1,'Airtime Regular load',NULL,785.00,'MYLOAD785','R785',NULL,'2018-03-08 10:39:06','2018-03-08 10:39:06'),(782,1,'Airtime Regular load',NULL,786.00,'MYLOAD786','R786',NULL,'2018-03-08 10:39:06','2018-03-08 10:39:06'),(783,1,'Airtime Regular load',NULL,787.00,'MYLOAD787','R787',NULL,'2018-03-08 10:39:06','2018-03-08 10:39:06'),(784,1,'Airtime Regular load',NULL,788.00,'MYLOAD788','R788',NULL,'2018-03-08 10:39:06','2018-03-08 10:39:06'),(785,1,'Airtime Regular load',NULL,789.00,'MYLOAD789','R789',NULL,'2018-03-08 10:39:06','2018-03-08 10:39:06'),(786,1,'Airtime Regular load',NULL,790.00,'MYLOAD790','R790',NULL,'2018-03-08 10:39:06','2018-03-08 10:39:06'),(787,1,'Airtime Regular load',NULL,791.00,'MYLOAD791','R791',NULL,'2018-03-08 10:39:06','2018-03-08 10:39:06'),(788,1,'Airtime Regular load',NULL,792.00,'MYLOAD792','R792',NULL,'2018-03-08 10:39:06','2018-03-08 10:39:06'),(789,1,'Airtime Regular load',NULL,793.00,'MYLOAD793','R793',NULL,'2018-03-08 10:39:06','2018-03-08 10:39:06'),(790,1,'Airtime Regular load',NULL,794.00,'MYLOAD794','R794',NULL,'2018-03-08 10:39:06','2018-03-08 10:39:06'),(791,1,'Airtime Regular load',NULL,795.00,'MYLOAD795','R795',NULL,'2018-03-08 10:39:06','2018-03-08 10:39:06'),(792,1,'Airtime Regular load',NULL,796.00,'MYLOAD796','R796',NULL,'2018-03-08 10:39:06','2018-03-08 10:39:06'),(793,1,'Airtime Regular load',NULL,797.00,'MYLOAD797','R797',NULL,'2018-03-08 10:39:06','2018-03-08 10:39:06'),(794,1,'Airtime Regular load',NULL,798.00,'MYLOAD798','R798',NULL,'2018-03-08 10:39:06','2018-03-08 10:39:06'),(795,1,'Airtime Regular load',NULL,799.00,'MYLOAD799','R799',NULL,'2018-03-08 10:39:06','2018-03-08 10:39:06'),(796,1,'Airtime Regular load',NULL,800.00,'MYLOAD800','R800',NULL,'2018-03-08 10:39:06','2018-03-08 10:39:06'),(797,1,'Airtime Regular load',NULL,801.00,'MYLOAD801','R801',NULL,'2018-03-08 10:39:06','2018-03-08 10:39:06'),(798,1,'Airtime Regular load',NULL,802.00,'MYLOAD802','R802',NULL,'2018-03-08 10:39:06','2018-03-08 10:39:06'),(799,1,'Airtime Regular load',NULL,803.00,'MYLOAD803','R803',NULL,'2018-03-08 10:39:06','2018-03-08 10:39:06'),(800,1,'Airtime Regular load',NULL,804.00,'MYLOAD804','R804',NULL,'2018-03-08 10:39:06','2018-03-08 10:39:06'),(801,1,'Airtime Regular load',NULL,805.00,'MYLOAD805','R805',NULL,'2018-03-08 10:39:06','2018-03-08 10:39:06'),(802,1,'Airtime Regular load',NULL,806.00,'MYLOAD806','R806',NULL,'2018-03-08 10:39:06','2018-03-08 10:39:06'),(803,1,'Airtime Regular load',NULL,807.00,'MYLOAD807','R807',NULL,'2018-03-08 10:39:06','2018-03-08 10:39:06'),(804,1,'Airtime Regular load',NULL,808.00,'MYLOAD808','R808',NULL,'2018-03-08 10:39:06','2018-03-08 10:39:06'),(805,1,'Airtime Regular load',NULL,809.00,'MYLOAD809','R809',NULL,'2018-03-08 10:39:06','2018-03-08 10:39:06'),(806,1,'Airtime Regular load',NULL,810.00,'MYLOAD810','R810',NULL,'2018-03-08 10:39:06','2018-03-08 10:39:06'),(807,1,'Airtime Regular load',NULL,811.00,'MYLOAD811','R811',NULL,'2018-03-08 10:39:06','2018-03-08 10:39:06'),(808,1,'Airtime Regular load',NULL,812.00,'MYLOAD812','R812',NULL,'2018-03-08 10:39:06','2018-03-08 10:39:06'),(809,1,'Airtime Regular load',NULL,813.00,'MYLOAD813','R813',NULL,'2018-03-08 10:39:06','2018-03-08 10:39:06'),(810,1,'Airtime Regular load',NULL,814.00,'MYLOAD814','R814',NULL,'2018-03-08 10:39:06','2018-03-08 10:39:06'),(811,1,'Airtime Regular load',NULL,815.00,'MYLOAD815','R815',NULL,'2018-03-08 10:39:06','2018-03-08 10:39:06'),(812,1,'Airtime Regular load',NULL,816.00,'MYLOAD816','R816',NULL,'2018-03-08 10:39:06','2018-03-08 10:39:06'),(813,1,'Airtime Regular load',NULL,817.00,'MYLOAD817','R817',NULL,'2018-03-08 10:39:06','2018-03-08 10:39:06'),(814,1,'Airtime Regular load',NULL,818.00,'MYLOAD818','R818',NULL,'2018-03-08 10:39:06','2018-03-08 10:39:06'),(815,1,'Airtime Regular load',NULL,819.00,'MYLOAD819','R819',NULL,'2018-03-08 10:39:06','2018-03-08 10:39:06'),(816,1,'Airtime Regular load',NULL,820.00,'MYLOAD820','R820',NULL,'2018-03-08 10:39:06','2018-03-08 10:39:06'),(817,1,'Airtime Regular load',NULL,821.00,'MYLOAD821','R821',NULL,'2018-03-08 10:39:06','2018-03-08 10:39:06'),(818,1,'Airtime Regular load',NULL,822.00,'MYLOAD822','R822',NULL,'2018-03-08 10:39:06','2018-03-08 10:39:06'),(819,1,'Airtime Regular load',NULL,823.00,'MYLOAD823','R823',NULL,'2018-03-08 10:39:06','2018-03-08 10:39:06'),(820,1,'Airtime Regular load',NULL,824.00,'MYLOAD824','R824',NULL,'2018-03-08 10:39:06','2018-03-08 10:39:06'),(821,1,'Airtime Regular load',NULL,825.00,'MYLOAD825','R825',NULL,'2018-03-08 10:39:06','2018-03-08 10:39:06'),(822,1,'Airtime Regular load',NULL,826.00,'MYLOAD826','R826',NULL,'2018-03-08 10:39:06','2018-03-08 10:39:06'),(823,1,'Airtime Regular load',NULL,827.00,'MYLOAD827','R827',NULL,'2018-03-08 10:39:06','2018-03-08 10:39:06'),(824,1,'Airtime Regular load',NULL,828.00,'MYLOAD828','R828',NULL,'2018-03-08 10:39:06','2018-03-08 10:39:06'),(825,1,'Airtime Regular load',NULL,829.00,'MYLOAD829','R829',NULL,'2018-03-08 10:39:06','2018-03-08 10:39:06'),(826,1,'Airtime Regular load',NULL,830.00,'MYLOAD830','R830',NULL,'2018-03-08 10:39:06','2018-03-08 10:39:06'),(827,1,'Airtime Regular load',NULL,831.00,'MYLOAD831','R831',NULL,'2018-03-08 10:39:06','2018-03-08 10:39:06'),(828,1,'Airtime Regular load',NULL,832.00,'MYLOAD832','R832',NULL,'2018-03-08 10:39:06','2018-03-08 10:39:06'),(829,1,'Airtime Regular load',NULL,833.00,'MYLOAD833','R833',NULL,'2018-03-08 10:39:06','2018-03-08 10:39:06'),(830,1,'Airtime Regular load',NULL,834.00,'MYLOAD834','R834',NULL,'2018-03-08 10:39:06','2018-03-08 10:39:06'),(831,1,'Airtime Regular load',NULL,835.00,'MYLOAD835','R835',NULL,'2018-03-08 10:39:06','2018-03-08 10:39:06'),(832,1,'Airtime Regular load',NULL,836.00,'MYLOAD836','R836',NULL,'2018-03-08 10:39:06','2018-03-08 10:39:06'),(833,1,'Airtime Regular load',NULL,837.00,'MYLOAD837','R837',NULL,'2018-03-08 10:39:06','2018-03-08 10:39:06'),(834,1,'Airtime Regular load',NULL,838.00,'MYLOAD838','R838',NULL,'2018-03-08 10:39:06','2018-03-08 10:39:06'),(835,1,'Airtime Regular load',NULL,839.00,'MYLOAD839','R839',NULL,'2018-03-08 10:39:06','2018-03-08 10:39:06'),(836,1,'Airtime Regular load',NULL,840.00,'MYLOAD840','R840',NULL,'2018-03-08 10:39:06','2018-03-08 10:39:06'),(837,1,'Airtime Regular load',NULL,841.00,'MYLOAD841','R841',NULL,'2018-03-08 10:39:06','2018-03-08 10:39:06'),(838,1,'Airtime Regular load',NULL,842.00,'MYLOAD842','R842',NULL,'2018-03-08 10:39:06','2018-03-08 10:39:06'),(839,1,'Airtime Regular load',NULL,843.00,'MYLOAD843','R843',NULL,'2018-03-08 10:39:06','2018-03-08 10:39:06'),(840,1,'Airtime Regular load',NULL,844.00,'MYLOAD844','R844',NULL,'2018-03-08 10:39:06','2018-03-08 10:39:06'),(841,1,'Airtime Regular load',NULL,845.00,'MYLOAD845','R845',NULL,'2018-03-08 10:39:06','2018-03-08 10:39:06'),(842,1,'Airtime Regular load',NULL,846.00,'MYLOAD846','R846',NULL,'2018-03-08 10:39:06','2018-03-08 10:39:06'),(843,1,'Airtime Regular load',NULL,847.00,'MYLOAD847','R847',NULL,'2018-03-08 10:39:06','2018-03-08 10:39:06'),(844,1,'Airtime Regular load',NULL,848.00,'MYLOAD848','R848',NULL,'2018-03-08 10:39:06','2018-03-08 10:39:06'),(845,1,'Airtime Regular load',NULL,849.00,'MYLOAD849','R849',NULL,'2018-03-08 10:39:06','2018-03-08 10:39:06'),(846,1,'Airtime Regular load',NULL,850.00,'MYLOAD850','R850',NULL,'2018-03-08 10:39:06','2018-03-08 10:39:06'),(847,1,'Airtime Regular load',NULL,851.00,'MYLOAD851','R851',NULL,'2018-03-08 10:39:06','2018-03-08 10:39:06'),(848,1,'Airtime Regular load',NULL,852.00,'MYLOAD852','R852',NULL,'2018-03-08 10:39:06','2018-03-08 10:39:06'),(849,1,'Airtime Regular load',NULL,853.00,'MYLOAD853','R853',NULL,'2018-03-08 10:39:06','2018-03-08 10:39:06'),(850,1,'Airtime Regular load',NULL,854.00,'MYLOAD854','R854',NULL,'2018-03-08 10:39:06','2018-03-08 10:39:06'),(851,1,'Airtime Regular load',NULL,855.00,'MYLOAD855','R855',NULL,'2018-03-08 10:39:06','2018-03-08 10:39:06'),(852,1,'Airtime Regular load',NULL,856.00,'MYLOAD856','R856',NULL,'2018-03-08 10:39:06','2018-03-08 10:39:06'),(853,1,'Airtime Regular load',NULL,857.00,'MYLOAD857','R857',NULL,'2018-03-08 10:39:06','2018-03-08 10:39:06'),(854,1,'Airtime Regular load',NULL,858.00,'MYLOAD858','R858',NULL,'2018-03-08 10:39:06','2018-03-08 10:39:06'),(855,1,'Airtime Regular load',NULL,859.00,'MYLOAD859','R859',NULL,'2018-03-08 10:39:06','2018-03-08 10:39:06'),(856,1,'Airtime Regular load',NULL,860.00,'MYLOAD860','R860',NULL,'2018-03-08 10:39:06','2018-03-08 10:39:06'),(857,1,'Airtime Regular load',NULL,861.00,'MYLOAD861','R861',NULL,'2018-03-08 10:39:06','2018-03-08 10:39:06'),(858,1,'Airtime Regular load',NULL,862.00,'MYLOAD862','R862',NULL,'2018-03-08 10:39:06','2018-03-08 10:39:06'),(859,1,'Airtime Regular load',NULL,863.00,'MYLOAD863','R863',NULL,'2018-03-08 10:39:06','2018-03-08 10:39:06'),(860,1,'Airtime Regular load',NULL,864.00,'MYLOAD864','R864',NULL,'2018-03-08 10:39:06','2018-03-08 10:39:06'),(861,1,'Airtime Regular load',NULL,865.00,'MYLOAD865','R865',NULL,'2018-03-08 10:39:06','2018-03-08 10:39:06'),(862,1,'Airtime Regular load',NULL,866.00,'MYLOAD866','R866',NULL,'2018-03-08 10:39:06','2018-03-08 10:39:06'),(863,1,'Airtime Regular load',NULL,867.00,'MYLOAD867','R867',NULL,'2018-03-08 10:39:06','2018-03-08 10:39:06'),(864,1,'Airtime Regular load',NULL,868.00,'MYLOAD868','R868',NULL,'2018-03-08 10:39:06','2018-03-08 10:39:06'),(865,1,'Airtime Regular load',NULL,869.00,'MYLOAD869','R869',NULL,'2018-03-08 10:39:06','2018-03-08 10:39:06'),(866,1,'Airtime Regular load',NULL,870.00,'MYLOAD870','R870',NULL,'2018-03-08 10:39:06','2018-03-08 10:39:06'),(867,1,'Airtime Regular load',NULL,871.00,'MYLOAD871','R871',NULL,'2018-03-08 10:39:06','2018-03-08 10:39:06'),(868,1,'Airtime Regular load',NULL,872.00,'MYLOAD872','R872',NULL,'2018-03-08 10:39:06','2018-03-08 10:39:06'),(869,1,'Airtime Regular load',NULL,873.00,'MYLOAD873','R873',NULL,'2018-03-08 10:39:06','2018-03-08 10:39:06'),(870,1,'Airtime Regular load',NULL,874.00,'MYLOAD874','R874',NULL,'2018-03-08 10:39:06','2018-03-08 10:39:06'),(871,1,'Airtime Regular load',NULL,875.00,'MYLOAD875','R875',NULL,'2018-03-08 10:39:06','2018-03-08 10:39:06'),(872,1,'Airtime Regular load',NULL,876.00,'MYLOAD876','R876',NULL,'2018-03-08 10:39:06','2018-03-08 10:39:06'),(873,1,'Airtime Regular load',NULL,877.00,'MYLOAD877','R877',NULL,'2018-03-08 10:39:06','2018-03-08 10:39:06'),(874,1,'Airtime Regular load',NULL,878.00,'MYLOAD878','R878',NULL,'2018-03-08 10:39:06','2018-03-08 10:39:06'),(875,1,'Airtime Regular load',NULL,879.00,'MYLOAD879','R879',NULL,'2018-03-08 10:39:06','2018-03-08 10:39:06'),(876,1,'Airtime Regular load',NULL,880.00,'MYLOAD880','R880',NULL,'2018-03-08 10:39:06','2018-03-08 10:39:06'),(877,1,'Airtime Regular load',NULL,881.00,'MYLOAD881','R881',NULL,'2018-03-08 10:39:06','2018-03-08 10:39:06'),(878,1,'Airtime Regular load',NULL,882.00,'MYLOAD882','R882',NULL,'2018-03-08 10:39:06','2018-03-08 10:39:06'),(879,1,'Airtime Regular load',NULL,883.00,'MYLOAD883','R883',NULL,'2018-03-08 10:39:06','2018-03-08 10:39:06'),(880,1,'Airtime Regular load',NULL,884.00,'MYLOAD884','R884',NULL,'2018-03-08 10:39:06','2018-03-08 10:39:06'),(881,1,'Airtime Regular load',NULL,885.00,'MYLOAD885','R885',NULL,'2018-03-08 10:39:06','2018-03-08 10:39:06'),(882,1,'Airtime Regular load',NULL,886.00,'MYLOAD886','R886',NULL,'2018-03-08 10:39:06','2018-03-08 10:39:06'),(883,1,'Airtime Regular load',NULL,887.00,'MYLOAD887','R887',NULL,'2018-03-08 10:39:06','2018-03-08 10:39:06'),(884,1,'Airtime Regular load',NULL,888.00,'MYLOAD888','R888',NULL,'2018-03-08 10:39:06','2018-03-08 10:39:06'),(885,1,'Airtime Regular load',NULL,889.00,'MYLOAD889','R889',NULL,'2018-03-08 10:39:06','2018-03-08 10:39:06'),(886,1,'Airtime Regular load',NULL,890.00,'MYLOAD890','R890',NULL,'2018-03-08 10:39:06','2018-03-08 10:39:06'),(887,1,'Airtime Regular load',NULL,891.00,'MYLOAD891','R891',NULL,'2018-03-08 10:39:06','2018-03-08 10:39:06'),(888,1,'Airtime Regular load',NULL,892.00,'MYLOAD892','R892',NULL,'2018-03-08 10:39:06','2018-03-08 10:39:06'),(889,1,'Airtime Regular load',NULL,893.00,'MYLOAD893','R893',NULL,'2018-03-08 10:39:06','2018-03-08 10:39:06'),(890,1,'Airtime Regular load',NULL,894.00,'MYLOAD894','R894',NULL,'2018-03-08 10:39:06','2018-03-08 10:39:06'),(891,1,'Airtime Regular load',NULL,895.00,'MYLOAD895','R895',NULL,'2018-03-08 10:39:06','2018-03-08 10:39:06'),(892,1,'Airtime Regular load',NULL,896.00,'MYLOAD896','R896',NULL,'2018-03-08 10:39:06','2018-03-08 10:39:06'),(893,1,'Airtime Regular load',NULL,897.00,'MYLOAD897','R897',NULL,'2018-03-08 10:39:06','2018-03-08 10:39:06'),(894,1,'Airtime Regular load',NULL,898.00,'MYLOAD898','R898',NULL,'2018-03-08 10:39:06','2018-03-08 10:39:06'),(895,1,'Airtime Regular load',NULL,899.00,'MYLOAD899','R899',NULL,'2018-03-08 10:39:06','2018-03-08 10:39:06'),(896,1,'Airtime Regular load',NULL,900.00,'MYLOAD900','R900',NULL,'2018-03-08 10:39:06','2018-03-08 10:39:06'),(897,1,'Airtime Regular load',NULL,901.00,'MYLOAD901','R901',NULL,'2018-03-08 10:39:06','2018-03-08 10:39:06'),(898,1,'Airtime Regular load',NULL,902.00,'MYLOAD902','R902',NULL,'2018-03-08 10:39:06','2018-03-08 10:39:06'),(899,1,'Airtime Regular load',NULL,903.00,'MYLOAD903','R903',NULL,'2018-03-08 10:39:06','2018-03-08 10:39:06'),(900,1,'Airtime Regular load',NULL,904.00,'MYLOAD904','R904',NULL,'2018-03-08 10:39:06','2018-03-08 10:39:06'),(901,1,'Airtime Regular load',NULL,905.00,'MYLOAD905','R905',NULL,'2018-03-08 10:39:06','2018-03-08 10:39:06'),(902,1,'Airtime Regular load',NULL,906.00,'MYLOAD906','R906',NULL,'2018-03-08 10:39:06','2018-03-08 10:39:06'),(903,1,'Airtime Regular load',NULL,907.00,'MYLOAD907','R907',NULL,'2018-03-08 10:39:06','2018-03-08 10:39:06'),(904,1,'Airtime Regular load',NULL,908.00,'MYLOAD908','R908',NULL,'2018-03-08 10:39:06','2018-03-08 10:39:06'),(905,1,'Airtime Regular load',NULL,909.00,'MYLOAD909','R909',NULL,'2018-03-08 10:39:06','2018-03-08 10:39:06'),(906,1,'Airtime Regular load',NULL,910.00,'MYLOAD910','R910',NULL,'2018-03-08 10:39:06','2018-03-08 10:39:06'),(907,1,'Airtime Regular load',NULL,911.00,'MYLOAD911','R911',NULL,'2018-03-08 10:39:06','2018-03-08 10:39:06'),(908,1,'Airtime Regular load',NULL,912.00,'MYLOAD912','R912',NULL,'2018-03-08 10:39:06','2018-03-08 10:39:06'),(909,1,'Airtime Regular load',NULL,913.00,'MYLOAD913','R913',NULL,'2018-03-08 10:39:06','2018-03-08 10:39:06'),(910,1,'Airtime Regular load',NULL,914.00,'MYLOAD914','R914',NULL,'2018-03-08 10:39:06','2018-03-08 10:39:06'),(911,1,'Airtime Regular load',NULL,915.00,'MYLOAD915','R915',NULL,'2018-03-08 10:39:06','2018-03-08 10:39:06'),(912,1,'Airtime Regular load',NULL,916.00,'MYLOAD916','R916',NULL,'2018-03-08 10:39:06','2018-03-08 10:39:06'),(913,1,'Airtime Regular load',NULL,917.00,'MYLOAD917','R917',NULL,'2018-03-08 10:39:06','2018-03-08 10:39:06'),(914,1,'Airtime Regular load',NULL,918.00,'MYLOAD918','R918',NULL,'2018-03-08 10:39:06','2018-03-08 10:39:06'),(915,1,'Airtime Regular load',NULL,919.00,'MYLOAD919','R919',NULL,'2018-03-08 10:39:06','2018-03-08 10:39:06'),(916,1,'Airtime Regular load',NULL,920.00,'MYLOAD920','R920',NULL,'2018-03-08 10:39:06','2018-03-08 10:39:06'),(917,1,'Airtime Regular load',NULL,921.00,'MYLOAD921','R921',NULL,'2018-03-08 10:39:06','2018-03-08 10:39:06'),(918,1,'Airtime Regular load',NULL,922.00,'MYLOAD922','R922',NULL,'2018-03-08 10:39:06','2018-03-08 10:39:06'),(919,1,'Airtime Regular load',NULL,923.00,'MYLOAD923','R923',NULL,'2018-03-08 10:39:06','2018-03-08 10:39:06'),(920,1,'Airtime Regular load',NULL,924.00,'MYLOAD924','R924',NULL,'2018-03-08 10:39:06','2018-03-08 10:39:06'),(921,1,'Airtime Regular load',NULL,925.00,'MYLOAD925','R925',NULL,'2018-03-08 10:39:06','2018-03-08 10:39:06'),(922,1,'Airtime Regular load',NULL,926.00,'MYLOAD926','R926',NULL,'2018-03-08 10:39:06','2018-03-08 10:39:06'),(923,1,'Airtime Regular load',NULL,927.00,'MYLOAD927','R927',NULL,'2018-03-08 10:39:06','2018-03-08 10:39:06'),(924,1,'Airtime Regular load',NULL,928.00,'MYLOAD928','R928',NULL,'2018-03-08 10:39:06','2018-03-08 10:39:06'),(925,1,'Airtime Regular load',NULL,929.00,'MYLOAD929','R929',NULL,'2018-03-08 10:39:06','2018-03-08 10:39:06'),(926,1,'Airtime Regular load',NULL,930.00,'MYLOAD930','R930',NULL,'2018-03-08 10:39:06','2018-03-08 10:39:06'),(927,1,'Airtime Regular load',NULL,931.00,'MYLOAD931','R931',NULL,'2018-03-08 10:39:06','2018-03-08 10:39:06'),(928,1,'Airtime Regular load',NULL,932.00,'MYLOAD932','R932',NULL,'2018-03-08 10:39:06','2018-03-08 10:39:06'),(929,1,'Airtime Regular load',NULL,933.00,'MYLOAD933','R933',NULL,'2018-03-08 10:39:06','2018-03-08 10:39:06'),(930,1,'Airtime Regular load',NULL,934.00,'MYLOAD934','R934',NULL,'2018-03-08 10:39:06','2018-03-08 10:39:06'),(931,1,'Airtime Regular load',NULL,935.00,'MYLOAD935','R935',NULL,'2018-03-08 10:39:06','2018-03-08 10:39:06'),(932,1,'Airtime Regular load',NULL,936.00,'MYLOAD936','R936',NULL,'2018-03-08 10:39:06','2018-03-08 10:39:06'),(933,1,'Airtime Regular load',NULL,937.00,'MYLOAD937','R937',NULL,'2018-03-08 10:39:06','2018-03-08 10:39:06'),(934,1,'Airtime Regular load',NULL,938.00,'MYLOAD938','R938',NULL,'2018-03-08 10:39:06','2018-03-08 10:39:06'),(935,1,'Airtime Regular load',NULL,939.00,'MYLOAD939','R939',NULL,'2018-03-08 10:39:06','2018-03-08 10:39:06'),(936,1,'Airtime Regular load',NULL,940.00,'MYLOAD940','R940',NULL,'2018-03-08 10:39:06','2018-03-08 10:39:06'),(937,1,'Airtime Regular load',NULL,941.00,'MYLOAD941','R941',NULL,'2018-03-08 10:39:06','2018-03-08 10:39:06'),(938,1,'Airtime Regular load',NULL,942.00,'MYLOAD942','R942',NULL,'2018-03-08 10:39:06','2018-03-08 10:39:06'),(939,1,'Airtime Regular load',NULL,943.00,'MYLOAD943','R943',NULL,'2018-03-08 10:39:06','2018-03-08 10:39:06'),(940,1,'Airtime Regular load',NULL,944.00,'MYLOAD944','R944',NULL,'2018-03-08 10:39:06','2018-03-08 10:39:06'),(941,1,'Airtime Regular load',NULL,945.00,'MYLOAD945','R945',NULL,'2018-03-08 10:39:06','2018-03-08 10:39:06'),(942,1,'Airtime Regular load',NULL,946.00,'MYLOAD946','R946',NULL,'2018-03-08 10:39:06','2018-03-08 10:39:06'),(943,1,'Airtime Regular load',NULL,947.00,'MYLOAD947','R947',NULL,'2018-03-08 10:39:06','2018-03-08 10:39:06'),(944,1,'Airtime Regular load',NULL,948.00,'MYLOAD948','R948',NULL,'2018-03-08 10:39:06','2018-03-08 10:39:06'),(945,1,'Airtime Regular load',NULL,949.00,'MYLOAD949','R949',NULL,'2018-03-08 10:39:06','2018-03-08 10:39:06'),(946,1,'Airtime Regular load',NULL,950.00,'MYLOAD950','R950',NULL,'2018-03-08 10:39:06','2018-03-08 10:39:06'),(947,1,'Airtime Regular load',NULL,951.00,'MYLOAD951','R951',NULL,'2018-03-08 10:39:06','2018-03-08 10:39:06'),(948,1,'Airtime Regular load',NULL,952.00,'MYLOAD952','R952',NULL,'2018-03-08 10:39:06','2018-03-08 10:39:06'),(949,1,'Airtime Regular load',NULL,953.00,'MYLOAD953','R953',NULL,'2018-03-08 10:39:06','2018-03-08 10:39:06'),(950,1,'Airtime Regular load',NULL,954.00,'MYLOAD954','R954',NULL,'2018-03-08 10:39:06','2018-03-08 10:39:06'),(951,1,'Airtime Regular load',NULL,955.00,'MYLOAD955','R955',NULL,'2018-03-08 10:39:06','2018-03-08 10:39:06'),(952,1,'Airtime Regular load',NULL,956.00,'MYLOAD956','R956',NULL,'2018-03-08 10:39:06','2018-03-08 10:39:06'),(953,1,'Airtime Regular load',NULL,957.00,'MYLOAD957','R957',NULL,'2018-03-08 10:39:06','2018-03-08 10:39:06'),(954,1,'Airtime Regular load',NULL,958.00,'MYLOAD958','R958',NULL,'2018-03-08 10:39:06','2018-03-08 10:39:06'),(955,1,'Airtime Regular load',NULL,959.00,'MYLOAD959','R959',NULL,'2018-03-08 10:39:06','2018-03-08 10:39:06'),(956,1,'Airtime Regular load',NULL,960.00,'MYLOAD960','R960',NULL,'2018-03-08 10:39:06','2018-03-08 10:39:06'),(957,1,'Airtime Regular load',NULL,961.00,'MYLOAD961','R961',NULL,'2018-03-08 10:39:06','2018-03-08 10:39:06'),(958,1,'Airtime Regular load',NULL,962.00,'MYLOAD962','R962',NULL,'2018-03-08 10:39:06','2018-03-08 10:39:06'),(959,1,'Airtime Regular load',NULL,963.00,'MYLOAD963','R963',NULL,'2018-03-08 10:39:06','2018-03-08 10:39:06'),(960,1,'Airtime Regular load',NULL,964.00,'MYLOAD964','R964',NULL,'2018-03-08 10:39:06','2018-03-08 10:39:06'),(961,1,'Airtime Regular load',NULL,965.00,'MYLOAD965','R965',NULL,'2018-03-08 10:39:06','2018-03-08 10:39:06'),(962,1,'Airtime Regular load',NULL,966.00,'MYLOAD966','R966',NULL,'2018-03-08 10:39:06','2018-03-08 10:39:06'),(963,1,'Airtime Regular load',NULL,967.00,'MYLOAD967','R967',NULL,'2018-03-08 10:39:06','2018-03-08 10:39:06'),(964,1,'Airtime Regular load',NULL,968.00,'MYLOAD968','R968',NULL,'2018-03-08 10:39:06','2018-03-08 10:39:06'),(965,1,'Airtime Regular load',NULL,969.00,'MYLOAD969','R969',NULL,'2018-03-08 10:39:06','2018-03-08 10:39:06'),(966,1,'Airtime Regular load',NULL,970.00,'MYLOAD970','R970',NULL,'2018-03-08 10:39:06','2018-03-08 10:39:06'),(967,1,'Airtime Regular load',NULL,971.00,'MYLOAD971','R971',NULL,'2018-03-08 10:39:06','2018-03-08 10:39:06'),(968,1,'Airtime Regular load',NULL,972.00,'MYLOAD972','R972',NULL,'2018-03-08 10:39:06','2018-03-08 10:39:06'),(969,1,'Airtime Regular load',NULL,973.00,'MYLOAD973','R973',NULL,'2018-03-08 10:39:06','2018-03-08 10:39:06'),(970,1,'Airtime Regular load',NULL,974.00,'MYLOAD974','R974',NULL,'2018-03-08 10:39:06','2018-03-08 10:39:06'),(971,1,'Airtime Regular load',NULL,975.00,'MYLOAD975','R975',NULL,'2018-03-08 10:39:06','2018-03-08 10:39:06'),(972,1,'Airtime Regular load',NULL,976.00,'MYLOAD976','R976',NULL,'2018-03-08 10:39:06','2018-03-08 10:39:06'),(973,1,'Airtime Regular load',NULL,977.00,'MYLOAD977','R977',NULL,'2018-03-08 10:39:06','2018-03-08 10:39:06'),(974,1,'Airtime Regular load',NULL,978.00,'MYLOAD978','R978',NULL,'2018-03-08 10:39:06','2018-03-08 10:39:06'),(975,1,'Airtime Regular load',NULL,979.00,'MYLOAD979','R979',NULL,'2018-03-08 10:39:06','2018-03-08 10:39:06'),(976,1,'Airtime Regular load',NULL,980.00,'MYLOAD980','R980',NULL,'2018-03-08 10:39:06','2018-03-08 10:39:06'),(977,1,'Airtime Regular load',NULL,981.00,'MYLOAD981','R981',NULL,'2018-03-08 10:39:06','2018-03-08 10:39:06'),(978,1,'Airtime Regular load',NULL,982.00,'MYLOAD982','R982',NULL,'2018-03-08 10:39:06','2018-03-08 10:39:06'),(979,1,'Airtime Regular load',NULL,983.00,'MYLOAD983','R983',NULL,'2018-03-08 10:39:06','2018-03-08 10:39:06'),(980,1,'Airtime Regular load',NULL,984.00,'MYLOAD984','R984',NULL,'2018-03-08 10:39:06','2018-03-08 10:39:06'),(981,1,'Airtime Regular load',NULL,985.00,'MYLOAD985','R985',NULL,'2018-03-08 10:39:06','2018-03-08 10:39:06'),(982,1,'Airtime Regular load',NULL,986.00,'MYLOAD986','R986',NULL,'2018-03-08 10:39:06','2018-03-08 10:39:06'),(983,1,'Airtime Regular load',NULL,987.00,'MYLOAD987','R987',NULL,'2018-03-08 10:39:06','2018-03-08 10:39:06'),(984,1,'Airtime Regular load',NULL,988.00,'MYLOAD988','R988',NULL,'2018-03-08 10:39:06','2018-03-08 10:39:06'),(985,1,'Airtime Regular load',NULL,989.00,'MYLOAD989','R989',NULL,'2018-03-08 10:39:06','2018-03-08 10:39:06'),(986,1,'Airtime Regular load',NULL,990.00,'MYLOAD990','R990',NULL,'2018-03-08 10:39:06','2018-03-08 10:39:06'),(987,1,'Airtime Regular load',NULL,991.00,'MYLOAD991','R991',NULL,'2018-03-08 10:39:06','2018-03-08 10:39:06'),(988,1,'Airtime Regular load',NULL,992.00,'MYLOAD992','R992',NULL,'2018-03-08 10:39:06','2018-03-08 10:39:06'),(989,1,'Airtime Regular load',NULL,993.00,'MYLOAD993','R993',NULL,'2018-03-08 10:39:06','2018-03-08 10:39:06'),(990,1,'Airtime Regular load',NULL,994.00,'MYLOAD994','R994',NULL,'2018-03-08 10:39:06','2018-03-08 10:39:06'),(991,1,'Airtime Regular load',NULL,995.00,'MYLOAD995','R995',NULL,'2018-03-08 10:39:06','2018-03-08 10:39:06'),(992,1,'Airtime Regular load',NULL,996.00,'MYLOAD996','R996',NULL,'2018-03-08 10:39:06','2018-03-08 10:39:06'),(993,1,'Airtime Regular load',NULL,997.00,'MYLOAD997','R997',NULL,'2018-03-08 10:39:06','2018-03-08 10:39:06'),(994,1,'Airtime Regular load',NULL,998.00,'MYLOAD998','R998',NULL,'2018-03-08 10:39:06','2018-03-08 10:39:06'),(995,1,'Airtime Regular load',NULL,999.00,'MYLOAD999','R999',NULL,'2018-03-08 10:39:06','2018-03-08 10:39:06'),(996,1,'Airtime Regular load',NULL,1000.00,'MYLOAD1000','R1000',NULL,'2018-03-08 10:39:06','2018-03-08 10:39:06'),(997,1,'All Text 10',NULL,10.00,'W10','A10',NULL,'2018-03-08 10:39:06','2018-03-08 10:39:06'),(998,1,'All Text Plus 20',NULL,20.00,'W20','A20',NULL,'2018-03-08 10:39:06','2018-03-08 10:39:06'),(999,1,'Lahat Text 20',NULL,20.00,'WL20','L20',NULL,'2018-03-08 10:39:06','2018-03-08 10:39:06'),(1000,1,'Lahat Text 30',NULL,30.00,'WL30','L30',NULL,'2018-03-08 10:39:06','2018-03-08 10:39:06'),(1001,NULL,'UnliTxtPlus 50',NULL,50.00,'WUTP50','UTP50',NULL,'2018-03-08 10:39:06','2018-03-08 10:39:06');
/*!40000 ALTER TABLE `tbl_product_codes` ENABLE KEYS */;
UNLOCK TABLES;

--
-- Table structure for table `tbl_sms_queue`
--

DROP TABLE IF EXISTS `tbl_sms_queue`;
/*!40101 SET @saved_cs_client     = @@character_set_client */;
/*!40101 SET character_set_client = utf8 */;
CREATE TABLE `tbl_sms_queue` (
  `Id` int(11) NOT NULL AUTO_INCREMENT,
  `company_uid` int(11) DEFAULT NULL,
  `user_id` varchar(11) DEFAULT NULL,
  `user_ip_address` varchar(20) DEFAULT NULL,
  `mobile` varchar(11) DEFAULT NULL,
  `message` longtext,
  `status` tinyint(4) DEFAULT NULL,
  `updated_at` datetime DEFAULT NULL,
  `created_at` datetime DEFAULT NULL,
  PRIMARY KEY (`Id`)
) ENGINE=InnoDB AUTO_INCREMENT=19 DEFAULT CHARSET=utf8;
/*!40101 SET character_set_client = @saved_cs_client */;

--
-- Dumping data for table `tbl_sms_queue`
--

LOCK TABLES `tbl_sms_queue` WRITE;
/*!40000 ALTER TABLE `tbl_sms_queue` DISABLE KEYS */;
INSERT INTO `tbl_sms_queue` VALUES (1,4,'09177715380','0','09177715380','213045 is your PollyLoad verification code. Please do not share this code with anyone. Thank You!',1,'2018-03-01 21:10:58','2018-03-01 21:10:55'),(2,4,'09177715380','0','09177715380','1/4 Congrats king paulo, you are now registered. Thank You!',1,'2018-03-01 21:11:19','2018-03-01 21:11:14'),(3,4,'09177715380','0','09177715380','2/4 Your password is: 600060. Please do not share with anyone your password.',1,'2018-03-01 21:11:20','2018-03-01 21:11:14'),(4,4,'09177715380','0','09177715380','3/4 To activate your account and start loading, on the sign-up page, click the tab payment.',1,'2018-03-01 21:11:20','2018-03-01 21:11:14'),(5,4,'09177715380','0','09177715380','4/4 For more details, please like our FB page http://bit.ly/2GVmufB or email us at payment@pollyload.com',1,'2018-03-01 21:11:20','2018-03-01 21:11:14'),(6,4,'09178594561','0','09178594561','184203 is your PollyLoad verification code. Please do not share this code with anyone. Thank You!',1,'2018-03-02 09:44:53','2018-03-02 09:44:51'),(7,4,'09178954561','0','09178954561','332672 is your PollyLoad verification code. Please do not share this code with anyone. Thank You!',1,'2018-03-02 09:45:35','2018-03-02 09:45:33'),(8,4,'09178954561','0','09178954561','1/4 Congrats Gladys, you are now registered. Thank You!',1,'2018-03-02 09:46:07','2018-03-02 09:46:02'),(9,4,'09178954561','0','09178954561','2/4 Your password is: 243040. Please do not share with anyone your password.',1,'2018-03-02 09:46:07','2018-03-02 09:46:02'),(10,4,'09178954561','0','09178954561','3/4 To activate your account and start loading, on the sign-up page, click the tab payment.',1,'2018-03-02 09:46:07','2018-03-02 09:46:02'),(11,4,'09178954561','0','09178954561','4/4 For more details, please like our FB page http://bit.ly/2GVmufB or email us at payment@pollyload.com',1,'2018-03-02 09:46:08','2018-03-02 09:46:02'),(12,4,'09995233848','0','09995233848','169414 is your PollyLoad verification code. Please do not share this code with anyone. Thank You!',1,'2018-03-02 09:50:44','2018-03-02 09:50:41'),(13,4,'09995233848','0','09995233848','441441 is your PollyLoad verification code. Please do not share this code with anyone. Thank You!',1,'2018-03-02 10:42:53','2018-03-02 10:42:49'),(14,4,'09995233848','0','09995233848','1/4 Congrats king paulo, you are now registered. Thank You!',1,'2018-03-02 10:44:29','2018-03-02 10:43:17'),(15,4,'09995233848','0','09995233848','2/4 Your password is: 159641. Please do not share with anyone your password.',1,'2018-03-02 10:44:30','2018-03-02 10:43:17'),(16,4,'09995233848','0','09995233848','3/4 To activate your account and start loading, on the sign-up page, click the tab payment.',1,'2018-03-02 10:44:30','2018-03-02 10:43:17'),(17,4,'09995233848','0','09995233848','4/4 For more details, please like our FB page http://bit.ly/2GVmufB or email us at payment@pollyload.com',1,'2018-03-02 10:44:31','2018-03-02 10:43:17'),(18,4,'09995233848','0','09995233848','NOTE: Please do not reply to dis mobile#. Unfortunately, we are unable to respond to inquiries sent to dis mobile#.',1,'2018-03-02 10:44:31','2018-03-02 10:43:17');
/*!40000 ALTER TABLE `tbl_sms_queue` ENABLE KEYS */;
UNLOCK TABLES;

--
-- Table structure for table `tbl_wallet`
--

DROP TABLE IF EXISTS `tbl_wallet`;
/*!40101 SET @saved_cs_client     = @@character_set_client */;
/*!40101 SET character_set_client = utf8 */;
CREATE TABLE `tbl_wallet` (
  `Id` int(11) NOT NULL AUTO_INCREMENT,
  `dealer_id` int(11) DEFAULT NULL,
  `reference` varchar(60) DEFAULT NULL,
  `description` text,
  `amount` decimal(18,2) DEFAULT NULL,
  `type` tinyint(4) DEFAULT '0',
  `status` tinyint(4) DEFAULT '0',
  `updated_at` datetime DEFAULT NULL,
  `created_at` datetime DEFAULT NULL,
  PRIMARY KEY (`Id`)
) ENGINE=InnoDB AUTO_INCREMENT=3 DEFAULT CHARSET=utf8;
/*!40101 SET character_set_client = @saved_cs_client */;

--
-- Dumping data for table `tbl_wallet`
--

LOCK TABLES `tbl_wallet` WRITE;
/*!40000 ALTER TABLE `tbl_wallet` DISABLE KEYS */;
INSERT INTO `tbl_wallet` VALUES (1,1,'xxx','xxx',500.00,1,1,NULL,NULL),(2,1,'1803089947188699','DEBIT',5.00,0,1,'2018-03-08 20:24:41','2018-03-08 20:24:41');
/*!40000 ALTER TABLE `tbl_wallet` ENABLE KEYS */;
UNLOCK TABLES;

--
-- Table structure for table `users`
--

DROP TABLE IF EXISTS `users`;
/*!40101 SET @saved_cs_client     = @@character_set_client */;
/*!40101 SET character_set_client = utf8 */;
CREATE TABLE `users` (
  `id` int(10) unsigned NOT NULL AUTO_INCREMENT,
  `company_id` varchar(60) COLLATE utf8mb4_unicode_ci NOT NULL DEFAULT '1',
  `facebook_id` varchar(30) COLLATE utf8mb4_unicode_ci DEFAULT NULL,
  `firstname` varchar(20) COLLATE utf8mb4_unicode_ci NOT NULL,
  `lastname` varchar(30) COLLATE utf8mb4_unicode_ci NOT NULL,
  `mobile` varchar(15) COLLATE utf8mb4_unicode_ci NOT NULL,
  `email` varchar(250) COLLATE utf8mb4_unicode_ci DEFAULT NULL,
  `password` varchar(255) COLLATE utf8mb4_unicode_ci NOT NULL,
  `connected_to` int(11) NOT NULL,
  `type` tinyint(4) NOT NULL DEFAULT '6',
  `status` tinyint(4) NOT NULL DEFAULT '0',
  `remember_token` varchar(100) COLLATE utf8mb4_unicode_ci DEFAULT NULL,
  `created_at` timestamp NULL DEFAULT NULL,
  `updated_at` timestamp NULL DEFAULT NULL,
  PRIMARY KEY (`id`),
  UNIQUE KEY `users_mobile_unique` (`mobile`),
  UNIQUE KEY `id_UNIQUE` (`id`),
  UNIQUE KEY `users_facebook_id_unique` (`facebook_id`),
  UNIQUE KEY `users_email_unique` (`email`)
) ENGINE=InnoDB AUTO_INCREMENT=4 DEFAULT CHARSET=utf8mb4 COLLATE=utf8mb4_unicode_ci;
/*!40101 SET character_set_client = @saved_cs_client */;

--
-- Dumping data for table `users`
--

LOCK TABLES `users` WRITE;
/*!40000 ALTER TABLE `users` DISABLE KEYS */;
INSERT INTO `users` VALUES (1,'2',NULL,'king paulo','aquino','09177715380',NULL,'$2y$10$Cq7eWVPJZnW9YR8cS3K8M.BRhF3sHsoM0MNGoWppu1SX7wBvUAg.e',1,1,1,'tJdBFgDd9Zfk6yPpIDOfsDMpJQkinwvpPwWRf3eGfvoiut9jaAoaYNT4KLIE','2018-03-01 13:11:14','2018-03-01 13:11:14'),(2,'2',NULL,'Gladys','Yusi','09178954561',NULL,'$2y$10$CS86Ra6Gad.k0dHdvV/29uePilWV9nl4e6drgI3WrHxgZ3S1Ur5Pm',1,6,1,NULL,'2018-03-02 01:46:02','2018-03-02 01:46:02'),(3,'2',NULL,'king paulo','aquino','09995233848',NULL,'$2y$10$xAGcL0r8DqsHo9zhZYhGf.Tl2re97l5WxgCYXEtxkoqvRH4y0TgcW',1,6,1,NULL,'2018-03-02 02:43:17','2018-03-02 02:43:17');
/*!40000 ALTER TABLE `users` ENABLE KEYS */;
UNLOCK TABLES;
/*!40103 SET TIME_ZONE=@OLD_TIME_ZONE */;

/*!40101 SET SQL_MODE=@OLD_SQL_MODE */;
/*!40014 SET FOREIGN_KEY_CHECKS=@OLD_FOREIGN_KEY_CHECKS */;
/*!40014 SET UNIQUE_CHECKS=@OLD_UNIQUE_CHECKS */;
/*!40101 SET CHARACTER_SET_CLIENT=@OLD_CHARACTER_SET_CLIENT */;
/*!40101 SET CHARACTER_SET_RESULTS=@OLD_CHARACTER_SET_RESULTS */;
/*!40101 SET COLLATION_CONNECTION=@OLD_COLLATION_CONNECTION */;
/*!40111 SET SQL_NOTES=@OLD_SQL_NOTES */;

-- Dump completed on 2018-03-09 15:43:13
